Title,Base Title,Artist,Album,Duration,Genre,Year,Original Artist,Cover Song,Orig Artist,Covering Artist,Source Files,Original Data
1979,1979,Smashing Pumpkins,,,,1995,,No,,,Book1.csv,"""1979"" - Smashing Pumpkins (1995)"
#1 Crush,#1 Crush,Garbage,,,,,,No,,,Book1.csv,Garbage - #1 Crush
18 and Life,18 and Life,The Cranberries,,,,,,No,,,Book1.csv,18 and Life
3AM Eternal,3AM Eternal,The KLF,,,,,,No,,,Book1.csv,3AM Eternal (Live at the S.S.L.) - The KLF
6 Underground,6 Underground,Sneaker Pimps,,,,1996,,No,,,Book1.csv,"""6 Underground"" - Sneaker Pimps (1996)"
68 Guns,68 Guns,The Alarm,,,,,,No,,,Book1.csv,The Alarm - Strength / Sold Me Down the River / Rain in the Summertime / Blaze of Glory / The Stand / 68 Guns
867 5309 / Jenny,867 5309 / Jenny,3Teeth,,,,,,No,,,Book1.csv,867 5309 / Jenny
867 5309 / Jenny,867 5309 / Jenny,Tommy Tutone,,,,,,No,,,Book1.csv,Tommy Tutone - 867 5309 / Jenny
A Day,A Day,Clan of Xymox,,,,,,No,,,Book1.csv,"Clan of Xymox - ""A Day"""
A Drug Against War,A Drug Against War,KMFDM,,,,,,No,,,Book1.csv,"KMFDM - ""A Drug Against War"""
A Forest,A Forest,The Cure,,,,,,No,,,Book1.csv,"The Cure - ""A Forest"""
A Long December,A Long December,Counting Crows,,,,1996,,No,,,Book1.csv,"""A Long December"" - Counting Crows (1996)"
A Love from Outer Space,A Love from Outer Space,A.R. Kane,,,,,,No,,,Book1.csv,"A.R. Kane - ""A Love from Outer Space"""
A Million Miles Away,A Million Miles Away,The Plimsouls,,,,,,No,,,Book1.csv,A Million Miles Away
A Murder of One,A Murder of One,Counting Crows,,,,1993,,No,,,Book1.csv,"""A Murder of One"" - Counting Crows (1993)"
A New Jerusalem,A New Jerusalem,Mark Hollis,,,,,,No,,,Book1.csv,Mark Hollis - A New Jerusalem
A Night Like This,A Night Like This,Annie Lennox,,,,,,No,,,Book1.csv,"Annie Lennox - ""A Night Like This"" (The Cure)"
A Night Like This,A Night Like This,The Cure,,,,,,No,,,Book1.csv,The Cure - A Night Like This
About Today,About Today,The National,,,,,,No,,,Book1.csv,The National - About Today
Addicted to Love,Addicted to Love,Robert Palmer,,,,,,No,,,Book1.csv,Addicted to Love
Adia,Adia,Sarah McLachlan,,,,1997,,No,,,Book1.csv,"""Adia"" - Sarah McLachlan (1997)"
Africa,Africa,Toto,,,,1982,,No,,,Book1.csv,"""Africa"" - Toto (1982)"
Again,Again,Janet Jackson,,,,1993,,No,,,Book1.csv,"""Again"" - Janet Jackson (1993)"
Against All Odds,Against All Odds,Phil Collins,,,,1984,,No,,,Book1.csv,"""Against All Odds"" - Phil Collins (1984)"
Age of Consent,Age of Consent,Aerosmith,,,,,,No,,,Book1.csv,Age of Consent
Age of Consent,Age of Consent,New Order,,,,,,No,,,Book1.csv,New Order - Age of Consent
Alive and Kicking,Alive and Kicking,Simple Minds,,,,,,No,,,Book1.csv,Alive and Kicking
All My Life,All My Life,Foo Fighters,,,,,,No,,,Book1.csv,Foo Fighters - All My Life
All Through the Night,All Through the Night,Cyndi Lauper,,,,1983,,No,,,Book1.csv,"""All Through the Night"" - Cyndi Lauper (1983)"
Alone,Alone,Heart,,,,1987,,No,,,Book1.csv,"""Alone"" - Heart (1987)"
American Girl,American Girl,Tom Petty,,,,,,No,,,Book1.csv,Tom Petty - American Girl
An Honest Mistake,An Honest Mistake,The Bravery,,,,,,No,,,Book1.csv,The Bravery - An Honest Mistake
Anagnorisis,Anagnorisis,Youth Code,,,,,,No,,,Book1.csv,"Youth Code - ""Anagnorisis"""
And She Was,And She Was,Talking Heads,,,,,,No,,,Book1.csv,And She Was
Angel,Angel,Sarah McLachlan,,,,1997,,No,,,Book1.csv,"""Angel"" - Sarah McLachlan (1997)"
Angel,Angel,Weekend Players,,,,,,No,,,Book1.csv,Angel
Angel,Angel,Massive Attack,,,,,,No,,,Book1.csv,"Massive Attack - ""Angel"""
Animal,Animal,Def Leppard,,,,,,No,,,Book1.csv,Def Leppard - Animal
Animotion,Animotion,Obsession,,,,,,No,,,Book1.csv,Obsession - Animotion
Anna Begins,Anna Begins,Counting Crows,,,,1993,,No,,,Book1.csv,"""Anna Begins"" - Counting Crows (1993)"
Apocalypse,Apocalypse,Cigarettes After Sex,,,,,,No,,,Book1.csv,"Cigarettes After Sex - ""Apocalypse"""
Are We Ourselves?,Are We Ourselves?,The Fixx,,,,,,No,,,Book1.csv,Are We Ourselves?
Ariel,Ariel,Stateless,,,,,,No,,,Book1.csv,Stateless - Ariel
Army of Me,Army of Me,Björk,,,,1995,,No,,,Book1.csv,"""Army of Me"" - Björk (1995)"
As I Lay Me Down,As I Lay Me Down,Sophie B. Hawkins,,,,1994,,No,,,Book1.csv,"""As I Lay Me Down"" - Sophie B. Hawkins (1994)"
Assimilate,Assimilate,Skinny Puppy,,,,,,No,,,Book1.csv,"Skinny Puppy - ""Assimilate"""
Athena,Athena,The Who,,,,,,No,,,Book1.csv,The Who - Athena
Atmosphere,Atmosphere,Joy Division,,,,,,No,,,Book1.csv,"Joy Division - ""Atmosphere"""
Atrophy,Atrophy,3Teeth,,,,,,No,,,Book1.csv,"3Teeth - ""Atrophy"""
Authority Song,Authority Song,John Mellencamp,,,,,,No,,,Book1.csv,John Mellencamp - Authority Song
Avalon,Avalon,Roxy Music,,,,,,No,,,Book1.csv,"""Avalon"" - Roxy Music"
Avalon,Avalon,Alpha,,,,2001,,No,,,Book1.csv,"Alpha - ""Avalon"" (2001)"
Avalon,Avalon,The Bryan Ferry Orchestra,,,,2012,,No,,,Book1.csv,"The Bryan Ferry Orchestra - ""Avalon"" (2012)"
Baba O'Riley,Baba O'Riley,The Who,,,,,,No,,,Book1.csv,The Who - Baba O'Riley
Back for More,Back for More,Roxy Music,,,,,,No,,,Book1.csv,Back for More
Back on the Chain Gang,Back on the Chain Gang,The Pretenders,,,,,,No,,,Book1.csv,The Pretenders - Back on the Chain Gang
Bad Reputation,Bad Reputation,Joan Jett,,,,,,No,,,Book1.csv,Bad Reputation
Banquet,Banquet,Bloc Party,,,,,,No,,,Book1.csv,Bloc Party - Banquet
Bare,Bare,Annie Lennox,,,,1992,,No,,,Book1.csv,"""Bare"" - Annie Lennox (1992)"
Barely Breathing,Barely Breathing,Duncan Sheik,,,,1996,,No,,,Book1.csv,"""Barely Breathing"" - Duncan Sheik (1996)"
Barrel of a Gun,Barrel of a Gun,Depeche Mode,,,,,,No,,,Book1.csv,"Depeche Mode - ""Barrel of a Gun"""
Beds Are Burning,Beds Are Burning,Murray Head feat. My Back Pages,,,,,,No,,,Book1.csv,Beds Are Burning
Beds Are Burning,Beds Are Burning,Midnight Oil,,,,,,No,,,Book1.csv,Midnight Oil - Beds Are Burning
Bela Lugosi's Dead,Bela Lugosi's Dead,Nouvelle Vague,,,,,,No,,,Book1.csv,"Nouvelle Vague - ""Bela Lugosi's Dead"" Bossa noir"
Belfast Child,Belfast Child,Simple Minds,,,,,,No,,,Book1.csv,"Simple Minds - ""Belfast Child"""
Better Be Home Soon,Better Be Home Soon,Crowded House,,,,1988,,No,,,Book1.csv,"""Better Be Home Soon"" - Crowded House (1988)"
Between the Bars,Between the Bars,Elliott Smith,,,,1997,,No,,,Book1.csv,"""Between the Bars"" - Elliott Smith (1997)"
Big Log,Big Log,Robert Plant,,,,1983,,No,,,Book1.csv,"""Big Log"" - Robert Plant (1983)"
Big Love,Big Love,Fleetwood Mac,,,,1987,,No,,,Book1.csv,"""Big Love"" - Fleetwood Mac (1987)"
Big Time,Big Time,Virgin Magnetic Material,,,,,,No,,,Book1.csv,Big Time
Big Time,Big Time,Peter Gabriel,,,,,,No,,,Book1.csv,Peter Gabriel - Big Time
Bizarre Love Triangle,Bizarre Love Triangle,New Order,,,,1986,,No,,,Book1.csv,"""Bizarre Love Triangle"" - New Order (1986)"
Bizarre Love Triangle,Bizarre Love Triangle,Sugar for Sugar The Time Is Now!,,,,,,No,,,Book1.csv,Bizarre Love Triangle
Black,Black,Pearl Jam,,,,1991,,No,,,Book1.csv,"""Black"" - Pearl Jam (1991)"
Black Hole Sun,Black Hole Sun,Soundgarden,,,,1994,,No,,,Book1.csv,"""Black Hole Sun"" - Soundgarden (1994)"
Black Metallic,Black Metallic,Catherine Wheel,,,,1992,,No,,,Book1.csv,"""Black Metallic"" - Catherine Wheel (1992)"
Black Out Days,Black Out Days,Phantogram,,,,,,No,,,Book1.csv,Phantogram - Black Out Days
Black Sheep,Black Sheep,New Order,,,,,,No,,,Book1.csv,Black Sheep
Black Sheep,Black Sheep,Metric,,,,,,No,,,Book1.csv,Metric - Black Sheep
Blaze of Glory,Blaze of Glory,The Alarm,,,,,,No,,,Book1.csv,The Alarm - Strength / Sold Me Down the River / Rain in the Summertime / Blaze of Glory / The Stand / 68 Guns
Block Rockin' Beats,Block Rockin' Beats,The Chemical Brothers,,,,,,No,,,Book1.csv,Block Rockin' Beats
Blood of Eden,Blood of Eden,Peter Gabriel,,,,1992,,No,,,Book1.csv,"""Blood of Eden"" - Peter Gabriel (1992)"
Blood of Eden,Blood of Eden,Blondie,,,,,,No,,,Book1.csv,Blood of Eden
Bloodstream,Bloodstream,Stateless,,,,,,No,,,Book1.csv,"""Bloodstream"" - Stateless"
Bloodstream,Bloodstream,Transviolet Transviolet,,,,,,No,,,Book1.csv,Bloodstream
Blow Me Away,Blow Me Away,Breaking Benjamin,,,,,,No,,,Book1.csv,Breaking Benjamin - Blow Me Away
Blue,Blue,Joni Mitchell (1971,,,,1971,,No,,,Book1.csv,"""Blue"" - Joni Mitchell (1971"
Blue Fire,Blue Fire,Stateless,,,,,,No,,,Book1.csv,Stateless - Blue Fire
Blue Highway,Blue Highway,Billy Idol,,,,,,No,,,Book1.csv,Billy Idol - Blue Highway
Blue Monday,Blue Monday,New Order,,,,1983,,No,,,Book1.csv,"""Blue Monday"" - New Order (1983)"
Blue Monday,Blue Monday,Orgy,,,,,,No,,,Book1.csv,Blue Monday - Orgy
Blue Monday,Blue Monday,Hannah Peel,,,,,,No,,,Book1.csv,"Hannah Peel - ""Blue Monday"" (New Order)"
Blue Monday,Blue Monday,Orkestra Obsolete (BBC),,,,,,No,,,Book1.csv,"Orkestra Obsolete (BBC) - ""Blue Monday"" 1930s instruments"
Blue Monday '88,Blue Monday '88,New Order,,,,,,No,,,Book1.csv,Blue Monday '88 - New Order
Blue Öyster Cult,Blue Öyster Cult,New Order,,,,,,No,,,Book1.csv,Blue Öyster Cult
Blue Spanish Sky,Blue Spanish Sky,Blue Öyster Cult,,,,,,No,,,Book1.csv,Blue Spanish Sky
Bonny,Bonny,Prefab Sprout,,,,,,No,,,Book1.csv,"Prefab Sprout - ""Bonny"""
Born Slippy .NUXX,Born Slippy .NUXX,Underworld,,,,,,No,,,Book1.csv,Born Slippy .NUXX
Bossa noir,Bossa noir,Underworld,,,,,,No,,,Book1.csv,Bossa noir
Boys of Summer,Boys of Summer,Don Henley,,,,1984,,No,,,Book1.csv,"""Boys of Summer"" - Don Henley (1984)"
Brain,Brain,Banks,,,,,,No,,,Book1.csv,"Banks - ""Brain"""
Breaking the Law,Breaking the Law,Judas Priest,,,,,,No,,,Book1.csv,Breaking the Law - Judas Priest
Breakout,Breakout,Swing Out Sister,,,,1986,,No,,,Book1.csv,"""Breakout"" - Swing Out Sister (1986)"
Breathe,Breathe,Urban Myth Club,,,,,,No,,,Book1.csv,Breathe
Breathe,Breathe,The Prodigy,,,,,,No,,,Book1.csv,Breathe - The Prodigy
Brick,Brick,Ben Folds Five,,,,1997,,No,,,Book1.csv,"""Brick"" - Ben Folds Five (1997)"
Bring On the Dancing Horses,Bring On the Dancing Horses,The Prodigy,,,,,,No,,,Book1.csv,Bring On the Dancing Horses
Bring on the Dancing Horses,Bring on the Dancing Horses,Echo & The Bunnymen,,,,,,No,,,Book1.csv,"Echo & The Bunnymen - ""Bring on the Dancing Horses"""
Brown Sugar,Brown Sugar,The Rolling Stones,,,,,,No,,,Book1.csv,Brown Sugar
Buena,Buena,Morphine,,,,1993,,No,,,Book1.csv,"""Buena"" - Morphine (1993)"
Building a Mystery,Building a Mystery,Sarah McLachlan,,,,1997,,No,,,Book1.csv,"""Building a Mystery"" - Sarah McLachlan (1997)"
Bullet With Butterfly Wings,Bullet With Butterfly Wings,Smashing Pumpkins,,,,,,No,,,Book1.csv,Smashing Pumpkins - Bullet With Butterfly Wings
Bulls on Parade,Bulls on Parade,Rage Against the Machine,,,,,,No,,,Book1.csv,Rage Against the Machine - Bulls on Parade
Burn,Burn,Nine Inch Nails,,,,,,No,,,Book1.csv,"Nine Inch Nails - ""Burn"""
Burnin' for You,Burnin' for You,Blue Öyster Cult,,,,,,No,,,Book1.csv,Blue Öyster Cult - Burnin' for You
Burnin' for You,Burnin' for You,Blue Oyster Cult,,,,,,No,,,Book1.csv,Burnin' for You
Burning Down the House,Burning Down the House,Talking Heads,,,,,,No,,,Book1.csv,Burning Down the House
Busy Child,Busy Child,The Crystal Method,,,,,,No,,,Book1.csv,Busy Child
Butterfly on a Wheel,Butterfly on a Wheel,The Mission,,,,,,No,,,Book1.csv,"The Mission - ""Butterfly on a Wheel"""
Call Me,Call Me,Blondie,,,,,,No,,,Book1.csv,Blondie - Call Me
Call Me,Call Me,Skye,,,,,,No,,,Book1.csv,Call Me
Call Me,Call Me,Blondie,,,,,,No,,,Book1.csv,Blondie - Call Me
Call the Ships to Port,Call the Ships to Port,Covenant,,,,,,No,,,Book1.csv,Covenant - Call the Ships to Port
Carrion Flowers,Carrion Flowers,Chelsea Wolfe,,,,,,No,,,Book1.csv,"Chelsea Wolfe - ""Carrion Flowers"""
Carry On Wayward Son,Carry On Wayward Son,Kansas,,,,,,No,,,Book1.csv,Kansas - Carry On Wayward Son
Catch My Fall,Catch My Fall,Billy Idol,,,,,,No,,,Book1.csv,Billy Idol - Catch My Fall
Celebrity Skin,Celebrity Skin,Hole,,,,,,No,,,Book1.csv,Hole - Celebrity Skin
Celldweller,Celldweller,Switchback,,,,,,No,,,Book1.csv,Switchback - Celldweller
Cello driven,Cello driven,Celldweller,,,,,,No,,,Book1.csv,Cello driven
Cellophane,Cellophane,FKA Twigs,,,,,,No,,,Book1.csv,"FKA Twigs - ""Cellophane"""
Centerfold,Centerfold,The J. Geils Band,,,,,,No,,,Book1.csv,The J. Geils Band - Centerfold
Chance,Chance,Big Country,,,,,,No,,,Book1.csv,"Big Country - ""Chance"""
Chant No. 1,Chant No. 1,Chameleons UK,,,,,,No,,,Book1.csv,Chant No. 1
Chant No. 1,Chant No. 1,Spandau Ballet,,,,,,No,,,Book1.csv,Spandau Ballet - Chant No. 1
Cherish the Day,Cherish the Day,Chelsea Wolfe,,,,,,No,,,Book1.csv,Cherish the Day
Cherry coloured Funk,Cherry coloured Funk,Chelsea Wolfe,,,,,,No,,,Book1.csv,Cherry coloured Funk
Cherry coloured Funk,Cherry coloured Funk,Cocteau Twins,,,,,,No,,,Book1.csv,"Cocteau Twins - ""Cherry coloured Funk"""
Cherry-coloured Funk,Cherry-coloured Funk,Cocteau Twins,,,,1990,,No,,,Book1.csv,"""Cherry-coloured Funk"" - Cocteau Twins (1990)"
Cherub Rock,Cherub Rock,The Smashing Pumpkins,,,,,,No,,,Book1.csv,Cherub Rock
Cherub Rock,Cherub Rock,Smashing Pumpkins,,,,,,No,,,Book1.csv,Smashing Pumpkins - Cherub Rock
Chinese Burn,Chinese Burn,Curve,,,,,,No,,,Book1.csv,"Curve - ""Chinese Burn"""
,,,,,,,,,,,,
Chrome,Chrome,VNV Nation,,,,,,No,,,Book1.csv,"VNV Nation - ""Chrome"""
Circle in the Sand,Circle in the Sand,Belinda Carlisle,,,,1987,,No,,,Book1.csv,"""Circle in the Sand"" - Belinda Carlisle (1987)"
Click Click Boom,Click Click Boom,Saliva,,,,,,No,,,Book1.csv,Click Click Boom - Saliva
Close to Me,Close to Me,The Cure,,,,,,No,,,Book1.csv,Close to Me
Closer to Fine,Closer to Fine,Indigo Girls,,,,1989,,No,,,Book1.csv,"""Closer to Fine"" - Indigo Girls (1989)"
Club Foot,Club Foot,Kasabian,,,,,,No,,,Book1.csv,Club Foot
Club Foot (dark,Club Foot (dark,Kasabian,,,,,,No,,,Book1.csv,Kasabian - Club Foot (dark
Cold,Cold,The Cure,,,,1982,,No,,,Book1.csv,"""Cold"" - The Cure (1982)"
Colorblind,Colorblind,Counting Crows,,,,1999,,No,,,Book1.csv,"""Colorblind"" - Counting Crows (1999)"
Come Back and Stay,Come Back and Stay,Paul Young,,,,1983,,No,,,Book1.csv,"""Come Back and Stay"" - Paul Young (1983)"
Come to My Window,Come to My Window,Melissa Etheridge,,,,1993,,No,,,Book1.csv,"""Come to My Window"" - Melissa Etheridge (1993)"
Come Undone,Come Undone,Duran Duran,,,,1993,,No,,,Book1.csv,"""Come Undone"" - Duran Duran (1993)"
Complex,Complex,Gary Numan,,,,,,No,,,Book1.csv,Gary Numan - Complex
Condemnation,Condemnation,Depeche Mode,,,,1993,,No,,,Book1.csv,"""Condemnation"" - Depeche Mode (1993)"
Connection,Connection,Elastica,,,,,,No,,,Book1.csv,Elastica - Connection
Consuming Guilt,Consuming Guilt,Youth Code,,,,,,No,,,Book1.csv,"Youth Code - ""Consuming Guilt"""
Control I'm Here,Control I'm Here,Nitzer Ebb,,,,,,No,,,Book1.csv,Nitzer Ebb - Control I'm Here
Cornflake Girl,Cornflake Girl,Tori Amos,,,,1994,,No,,,Book1.csv,"""Cornflake Girl"" - Tori Amos (1994)"
Cradle of Love,Cradle of Love,Billy Idol,,,,,,No,,,Book1.csv,Billy Idol - Cradle of Love
Cradle of Love,Cradle of Love,Covenant,,,,,,No,,,Book1.csv,Cradle of Love
Cranes,Cranes,Jewel,,,,,,No,,,Book1.csv,Cranes - Jewel
Crash,Crash,The Primitives,,,,,,No,,,Book1.csv,The Primitives - Crash
Creep,Creep,Radiohead,,,,1992,,No,,,Book1.csv,"""Creep"" - Radiohead (1992) (not assuming it's in your list)"
Criminal,Criminal,Fiona Apple,,,,1996,,No,,,Book1.csv,"""Criminal"" - Fiona Apple (1996)"
Crossfire,Crossfire,Stevie Ray Vaughan,,,,,,No,,,Book1.csv,Stevie Ray Vaughan - Crossfire
Crucify,Crucify,Tori Amos,,,,1992,,No,,,Book1.csv,"""Crucify"" - Tori Amos (1992)"
Crush,Crush,Jennifer Paige,,,,1998,,No,,,Book1.csv,"""Crush"" - Jennifer Paige (1998)"
Crystalised,Crystalised,The xx,,,,,,No,,,Book1.csv,"The xx - ""Crystalised"""
Cuts Like a Knife,Cuts Like a Knife,Bryan Adams,,,,1983,,No,,,Book1.csv,"""Cuts Like a Knife"" - Bryan Adams (1983)"
Cuts You Up,Cuts You Up,Peter Murphy,,,,1990,,No,,,Book1.csv,"""Cuts You Up"" - Peter Murphy (1990)"
Dancing With Myself,Dancing With Myself,Billy Idol,,,,,,No,,,Book1.csv,Billy Idol - Dancing With Myself
Dancing With Myself,Dancing With Myself,"Nouvelle Vague, Phoebe Killdeer",,,,,,No,,,Book1.csv,Dancing With Myself
Dancing With Tears in My Eyes,Dancing With Tears in My Eyes,Ultravox,,,,,,No,,,Book1.csv,"Ultravox - ""Dancing With Tears in My Eyes"""
Darkangel,Darkangel,VNV Nation,,,,,,No,,,Book1.csv,"VNV Nation - ""Darkangel"""
David Sylvian / Japan,David Sylvian / Japan,Daughter,,,,,,No,,,Book1.csv,David Sylvian / Japan
Debaser,Debaser,The Pixies,,,,,,No,,,Book1.csv,The Pixies - Debaser
Deliverance,Deliverance,The Mission,,,,,,No,,,Book1.csv,"The Mission - ""Deliverance"""
desire,desire,U2,,,,,,No,,,Book1.csv,desire
Destination,Destination,The Church,,,,,,No,,,Book1.csv,The Church - Destination
Destination Unknown,Destination Unknown,Sly & Robbie,,,,,,No,,,Book1.csv,Destination Unknown
Destination Unknown,Destination Unknown,Missing Persons,,,,,,No,,,Book1.csv,Missing Persons - Destination Unknown
Devil Inside,Devil Inside,INXS,,,,,,No,,,Book1.csv,Devil Inside
Devil Inside,Devil Inside,INXS,,,,,,No,,,Book1.csv,Devil Inside
Die Slow,Die Slow,Health,,,,,,No,,,Book1.csv,"Health - ""Die Slow"""
Disarm,Disarm,Smashing Pumpkins,,,,1993,,No,,,Book1.csv,"""Disarm"" - Smashing Pumpkins (1993)"
,,,,,,,,,,,,
Disintegration,Disintegration,The Cure,,,,1989,,No,,,Book1.csv,"""Disintegration"" - The Cure (1989)"
Don't Believe a Word,Don't Believe a Word,Don Henley,,,,,,No,,,Book1.csv,Don't Believe a Word
Don't Believe a Word,Don't Believe a Word,Thin Lizzy,,,,,,No,,,Book1.csv,Thin Lizzy - Don't Believe a Word
Don't Dream It's Over,Don't Dream It's Over,Crowded House,,,,1986,,No,,,Book1.csv,"""Don't Dream It's Over"" - Crowded House (1986)"
Don't Fear the Reaper,Don't Fear the Reaper,Blue Öyster Cult,,,,,,No,,,Book1.csv,Blue Öyster Cult - Don't Fear the Reaper
Don't Fear the Reaper,Don't Fear the Reaper,The Cat and Owl,,,,,,No,,,Book1.csv,Don't Fear the Reaper
Don't Speak,Don't Speak,No Doubt,,,,1995,,No,,,Book1.csv,"""Don't Speak"" - No Doubt (1995)"
Don't Stop the Dance,Don't Stop the Dance,Bryan Ferry,,,,,,No,,,Book1.csv,Bryan Ferry - Don't Stop the Dance
Don't You (Forget About Me),Don't You (Forget About Me),Simple Minds,,,,1985,,No,,,Book1.csv,"""Don't You (Forget About Me)"" - Simple Minds (1985)"
Don't You (Forget About Me),Don't You (Forget About Me),The Wind and The Wave feat. Covers One,,,,,,Yes,,The Wind and The Wave feat. Covers One,Book1.csv,Don't You (Forget About Me)
Down,Down,Gravity Kills,,,,,,No,,,Book1.csv,"Gravity Kills - ""Down"""
Down Here,Down Here,Stateless,,,,,,No,,,Book1.csv,"Stateless - ""Down Here"""
Down In It,Down In It,Nine Inch Nails,,,,,,No,,,Book1.csv,Down In It - Nine Inch Nails
Down In It,Down In It,NIN,,,,,,No,,,Book1.csv,NIN - Down In It
Down to the Bottom,Down to the Bottom,Dorothy,,,,,,No,,,Book1.csv,Dorothy - Down to the Bottom
Down to the Bottom,Down to the Bottom,Nine Inch Nails,,,,,,No,,,Book1.csv,Down to the Bottom
Down Under,Down Under,Men At Work,,,,,,No,,,Book1.csv,Down Under
Down With the Sickness,Down With the Sickness,Disturbed,,,,,,No,,,Book1.csv,Disturbed - Down With the Sickness
Dr. Feelgood,Dr. Feelgood,Mötley Crüe,,,,,,No,,,Book1.csv,Mötley Crüe - Dr. Feelgood
Dragula,Dragula,Rob Zombie,,,,,,No,,,Book1.csv,Rob Zombie - Dragula
Dream Police,Dream Police,Cheap Trick,,,,,,No,,,Book1.csv,Cheap Trick - Dream Police
Dream pop,Dream pop,Cheap Trick,,,,,,No,,,Book1.csv,Dream pop
Dream pop haze,Dream pop haze,Cheap Trick,,,,,,No,,,Book1.csv,Dream pop haze
Dreaming,Dreaming,Blondie,,,,,,No,,,Book1.csv,Blondie - Dreaming
Dreaming,Dreaming,Orchestral Manoeuvres in the Dark,,,,,,No,,,Book1.csv,Dreaming
Dreams,Dreams,The Cranberries,,,,1992,,No,,,Book1.csv,"""Dreams"" - The Cranberries (1992)"
Drive,Drive,R.E.M.,,,,1992,,No,,,Book1.csv,"""Drive"" - R.E.M. (1992)"
Drive,Drive,The Cars,,,,1984,,No,,,Book1.csv,"""Drive"" - The Cars (1984)"
Drive,Drive,Incubus,,,,,,No,,,Book1.csv,Drive - Incubus
Driven to Tears,Driven to Tears,The Police,,,,,,No,,,Book1.csv,Driven to Tears
Driving,Driving,Everything But The Girl,,,,1990,,No,,,Book1.csv,"""Driving"" - Everything But The Girl (1990)"
Drop Dead Gorgeous,Drop Dead Gorgeous,Aerosmith,,,,,,No,,,Book1.csv,Drop Dead Gorgeous
Drop Dead Gorgeous,Drop Dead Gorgeous,Republica,,,,,,No,,,Book1.csv,Republica - Drop Dead Gorgeous
Du Hast,Du Hast,Rammstein,,,,,,No,,,Book1.csv,Du Hast - Rammstein
Dude (Looks Like a Lady),Dude (Looks Like a Lady),Aerosmith,,,,,,No,,,Book1.csv,Aerosmith - Dude (Looks Like a Lady)
,,,,,,,,,,,,
,,,,,,,,,,,,
Each and Every One,Each and Every One,The Shimmering,,,,,,No,,,Book1.csv,Each and Every One
Easy Lover (with Philip Bailey),Easy Lover (with Philip Bailey),Phil Collins,,,,,,No,,,Book1.csv,Phil Collins - Easy Lover (with Philip Bailey)
Eat the Rich,Eat the Rich,The Shimmering,,,,,,No,,,Book1.csv,Eat the Rich
Echo & The Bunnymen,Echo & The Bunnymen,The Shimmering,,,,,,No,,,Book1.csv,Echo & The Bunnymen
Echo & The Bunnymen,Echo & The Bunnymen,The Killing Moon,,,,,,No,,,Book1.csv,Echo & The Bunnymen - The Killing Moon
Eighties,Eighties,Killing Joke,,,,,,No,,,Book1.csv,"Killing Joke - ""Eighties"""
Enjoy the Silence,Enjoy the Silence,Depeche Mode,,,,1990,,No,,,Book1.csv,"""Enjoy the Silence"" - Depeche Mode (1990)"
Enjoy the Silence,Enjoy the Silence,Carla Bruni,,,,,,No,,,Book1.csv,"Carla Bruni - ""Enjoy the Silence"""
Enjoy the Silence,Enjoy the Silence,Susanna,,,,,,No,,,Book1.csv,"Susanna - ""Enjoy the Silence"" (Depeche Mode)"
Enough,Enough,Gravity Kills,,,,,,No,,,Book1.csv,"Gravity Kills - ""Enough"""
Epic,Epic,Faith No More,,,,,,No,,,Book1.csv,Epic
Ethereal wave,Ethereal wave,Faith No More,,,,,,No,,,Book1.csv,Ethereal wave
Euphoria (Firefly),Euphoria (Firefly),Delerium,,,,,,No,,,Book1.csv,"Delerium - ""Euphoria (Firefly)"""
Europe After the Rain,Europe After the Rain,John Foxx,,,,,,No,,,Book1.csv,"John Foxx - ""Europe After the Rain"""
Everlong,Everlong,Foo Fighters,,,Cover,1997,,Yes,,Foo Fighters,Book1.csv,"""Everlong"" - Foo Fighters (1997) (acoustic covers are huge)"
Every Breath You Take,Every Breath You Take,The Police,,,,1983,,No,,,Book1.csv,"""Every Breath You Take"" - The Police (1983)"
Every Little Thing She Does Is Magic,Every Little Thing She Does Is Magic,The Police,,,,,,No,,,Book1.csv,Every Little Thing She Does Is Magic
Every You Every Me,Every You Every Me,Placebo,,,,,,No,,,Book1.csv,"Placebo - ""Every You Every Me"""
Everybody Hurts,Everybody Hurts,R.E.M.,,,,1992,,No,,,Book1.csv,"""Everybody Hurts"" - R.E.M. (1992)"
Everybody Wants to Rule the World,Everybody Wants to Rule the World,Tears for Fears,,,,1985,,No,,,Book1.csv,"""Everybody Wants to Rule the World"" - Tears for Fears (1985)"
Everybody Wants to Rule the World,Everybody Wants to Rule the World,Tears For Fears - Everybody wants to rule the world (Acoustic version),,,,,,No,,,Book1.csv,Everybody Wants to Rule the World
Everybody's Got to Learn Sometime,Everybody's Got to Learn Sometime,Beck version,,,,1993,,No,,,Book1.csv,"""Everybody's Got to Learn Sometime"" - Beck version (1993)"
Everybody's Got to Learn Sometime,Everybody's Got to Learn Sometime,The Korgis,,,,1980,,No,,,Book1.csv,"""Everybody's Got to Learn Sometime"" - The Korgis (1980)"
Everything in Its Right Place,Everything in Its Right Place,Radiohead,,,,,,No,,,Book1.csv,"Radiohead - ""Everything in Its Right Place"""
Everything Zen,Everything Zen,Bush,,,,,,No,,,Book1.csv,Bush - Everything Zen
Everything Zen,Everything Zen,Bush,,,,,,No,,,Book1.csv,Bush - Everything Zen
Exit,Exit,Stateless,,,,,,No,,,Book1.csv,Stateless - Exit
Eye,Eye,The Smashing Pumpkins,,,,,,No,,,Book1.csv,"The Smashing Pumpkins - ""Eye"""
Eye of the Lens,Eye of the Lens,The Comsat Angels,,,,,,No,,,Book1.csv,"The Comsat Angels - ""Eye of the Lens"""
Fade Away,Fade Away,Mazzy Star,,,,1990,,No,,,Book1.csv,"""Fade Away"" - Mazzy Star (1990)"
Fade Into You,Fade Into You,Mazzy Star,,,,1993,,No,,,Book1.csv,"""Fade Into You"" - Mazzy Star (1993)"
Fade to Grey,Fade to Grey,Visage,,,,,,No,,,Book1.csv,"Visage - ""Fade to Grey"""
Faint,Faint,Linkin Park,,,,,,No,,,Book1.csv,Linkin Park - Faint
Fascination Street,Fascination Street,The Cure,,,,,,No,,,Book1.csv,"The Cure - ""Fascination Street"""
Fast Car,Fast Car,Tracy Chapman,,,,1988,,No,,,Book1.csv,"""Fast Car"" - Tracy Chapman (1988)"
Feel Like Makin' Love,Feel Like Makin' Love,Bad Company,,,,,,No,,,Book1.csv,Bad Company - Feel Like Makin' Love
Feel the Beat,Feel the Beat,Darude,,,,,,No,,,Book1.csv,Darude - Feel the Beat
Female fronted,Female fronted,Bad Company,,,,,,No,,,Book1.csv,Female fronted
Fields of Gold,Fields of Gold,Sting,,,,1993,,No,,,Book1.csv,"""Fields of Gold"" - Sting (1993)"
Figure It Out,Figure It Out,Royal Blood,,,,,,No,,,Book1.csv,Royal Blood - Figure It Out
Fire,Fire,Scooter,,,,,,No,,,Book1.csv,Scooter - Fire
Fire Woman,Fire Woman,The Cult,,,,,,No,,,Book1.csv,Fire Woman
Fire Woman,Fire Woman,The Cult,,,,,,No,,,Book1.csv,The Cult - Fire Woman
Fire Woman,Fire Woman,The Cult,,,,,,No,,,Book1.csv,Fire Woman
Firestarter,Firestarter,The Prodigy,,,,,,No,,,Book1.csv,Firestarter
Flesh for Fantasy,Flesh for Fantasy,Billy Idol,,,,,,No,,,Book1.csv,Billy Idol - Flesh for Fantasy
Foolin,Foolin,Orange Music,,,,,,No,,,Book1.csv,Foolin'
Foolish Games,Foolish Games,Jewel,,,,1997,,No,,,Book1.csv,"""Foolish Games"" - Jewel (1997)"
Foolish Heart,Foolish Heart,The Mavericks,,,,1994,,No,,,Book1.csv,"""Foolish Heart"" - The Mavericks (1994)"
Footloose,Footloose,Kenny Loggins,,,,,,No,,,Book1.csv,Kenny Loggins - Footloose
For an Angel,For an Angel,Paul Van Dyk,,,,,,No,,,Book1.csv,Paul Van Dyk - For an Angel
For Love,For Love,Lush,,,,,,No,,,Book1.csv,Lush - For Love
Forbidden Colours,Forbidden Colours,Orange Music,,,,,,No,,,Book1.csv,Forbidden Colours
Forever Young,Forever Young,Alphaville,,,,1984,,No,,,Book1.csv,"""Forever Young"" - Alphaville (1984)"
,,,,,,,,,,,,
Fox On The Run,Fox On The Run,Sweet,,,,,,No,,,Book1.csv,Fox On The Run - Sweet
Freeze Frame,Freeze Frame,The J. Geils Band,,,,,,No,,,Book1.csv,The J. Geils Band - Freeze Frame
Friday I'm in Love,Friday I'm in Love,The Cure,,,,1992,,No,,,Book1.csv,"""Friday I'm in Love"" - The Cure (1992)"
Friday I'm in Love,Friday I'm in Love,The Daylights,,,,,,No,,,Book1.csv,Friday I'm in Love
Friday I'm in Love,Friday I'm in Love,Phoebe Bridgers,,,,,,No,,,Book1.csv,"Phoebe Bridgers - ""Friday I'm in Love"" (The Cure)"
Front 242,Front 242,Headhunter,,,,,,No,,,Book1.csv,Headhunter - Front 242
Frozen,Frozen,Madonna,,,,1998,,No,,,Book1.csv,"""Frozen"" - Madonna (1998)"
Frozen,Frozen,Celldweller,,,,,,No,,,Book1.csv,"Celldweller - ""Frozen"""
Funeral,Funeral,Phoebe Bridgers,,,,,,No,,,Book1.csv,"Phoebe Bridgers - ""Funeral"""
Fur-Lined,Fur-Lined,How to Destroy Angels,,,,,,No,,,Book1.csv,"How to Destroy Angels - ""Fur-Lined"""
Future Starts Slow,Future Starts Slow,The Kills,,,,,,No,,,Book1.csv,The Kills - Future Starts Slow
Galileo,Galileo,Indigo Girls,,,,1992,,No,,,Book1.csv,"""Galileo"" - Indigo Girls (1992)"
Geburt einer Nation,Geburt einer Nation,Laibach,,,,,,No,,,Book1.csv,"Laibach - ""Geburt einer Nation"""
Get Lucky,Get Lucky,Daughter,,,,,,No,,,Book1.csv,"Daughter - ""Get Lucky"" (Daft Punk)"
Girls on Film,Girls on Film,Duran Duran,,,,,,No,,,Book1.csv,Duran Duran - Girls on Film
Glory Box,Glory Box,Portishead,,,,1994,,No,,,Book1.csv,"""Glory Box"" - Portishead (1994)"
Glory of Love,Glory of Love,Michelle Branch (cover friendly,,,Cover,,,Yes,,Michelle Branch (cover friendly,Book1.csv,"""Glory of Love"" - Michelle Branch (cover friendly"
Go With the Flow,Go With the Flow,Queens of the Stone Age,,,,,,No,,,Book1.csv,Queens of the Stone Age - Go With the Flow
Godzilla,Godzilla,Blue Öyster Cult,,,,,,No,,,Book1.csv,Blue Öyster Cult - Godzilla
Gold Guns Girls,Gold Guns Girls,The Wind and The Wave feat. Covers One,,,,,,Yes,,The Wind and The Wave feat. Covers One,Book1.csv,Gold Guns Girls
Gold Guns Girls,Gold Guns Girls,Metric,,,,,,No,,,Book1.csv,"Metric - ""Gold Guns Girls"""
Gold on the Ceiling,Gold on the Ceiling,The Black Keys,,,,,,No,,,Book1.csv,The Black Keys - Gold on the Ceiling
Good Enough,Good Enough,Sarah McLachlan,,,,1993,,No,,,Book1.csv,"""Good Enough"" - Sarah McLachlan (1993)"
Good Girls Don't,Good Girls Don't,Goldfrapp,,,,,,No,,,Book1.csv,Good Girls Don't
Good Girls Don't,Good Girls Don't,The Knack,,,,,,No,,,Book1.csv,The Knack - Good Girls Don't
Guilty,Guilty,Gravity Kills,,,,,,No,,,Book1.csv,"""Guilty"" - Gravity Kills"
Guns N' Roses,Guns N' Roses,Gravity Kills,,,,,,No,,,Book1.csv,Guns N' Roses
Gypsy,Gypsy,Fleetwood Mac,,,,1982,,No,,,Book1.csv,"""Gypsy"" - Fleetwood Mac (1982)"
Halah,Halah,Mazzy Star,,,,1990,,No,,,Book1.csv,"""Halah"" - Mazzy Star (1990)"
Hallelujah,Hallelujah,Jeff Buckley version,,,,1994,,No,,,Book1.csv,"""Hallelujah"" - Jeff Buckley version (1994)"
Halo,Halo,Depeche Mode,,,,1990,,No,,,Book1.csv,"""Halo"" - Depeche Mode (1990)"
Hand Covers Bruise,Hand Covers Bruise,Trent Reznor & Atticus Ross,,,Cover,,,Yes,,Trent Reznor & Atticus Ross,Book1.csv,"Trent Reznor & Atticus Ross - ""Hand Covers Bruise"""
Hands to Heaven,Hands to Heaven,Breathe,,,,1987,,No,,,Book1.csv,"""Hands to Heaven"" - Breathe (1987)"
Hang Fire,Hang Fire,Guns N' Roses,,,,,,No,,,Book1.csv,Hang Fire
Hang Fire,Hang Fire,The Rolling Stones,,,,,,No,,,Book1.csv,The Rolling Stones - Hang Fire
Hard to Handle,Hard to Handle,The Black Crowes,,,,,,No,,,Book1.csv,The Black Crowes - Hard to Handle
Hazy Shade of Winter,Hazy Shade of Winter,harmonic movement beyond I,,,,,,No,,,Book1.csv,Hazy Shade of Winter
Hazy Shade of Winter,Hazy Shade of Winter,The Bangles,,,,,,No,,,Book1.csv,The Bangles - Hazy Shade of Winter
Head Like a Hole,Head Like a Hole,Nine Inch Nails,,,,,,No,,,Book1.csv,Head Like a Hole - Nine Inch Nails
Head Like a Hole,Head Like a Hole,NIN,,,,,,No,,,Book1.csv,NIN - Head Like a Hole
Head Over Feet,Head Over Feet,Alanis Morissette,,,,1995,,No,,,Book1.csv,"""Head Over Feet"" - Alanis Morissette (1995)"
Head Over Heels,Head Over Heels,Tears for Fears,,,,1985,,No,,,Book1.csv,"""Head Over Heels"" - Tears for Fears (1985)"
Head Over Heels,Head Over Heels,The Go-Go's Talk Show,,,,,,No,,,Book1.csv,Head Over Heels
Headhunter,Headhunter,Front 242,,,,,,No,,,Book1.csv,"Front 242 - ""Headhunter"""
Headlights on the Parade,Headlights on the Parade,Headhunter,,,,,,No,,,Book1.csv,Headlights on the Parade
Heads Will Roll,Heads Will Roll,Headhunter,,,,,,No,,,Book1.csv,Heads Will Roll
Heads Will Roll,Heads Will Roll,Yeah Yeah Yeahs,,,,,,No,,,Book1.csv,Yeah Yeah Yeahs - Heads Will Roll
Heart of Glass,Heart of Glass,Blondie,,,,,,No,,,Book1.csv,Blondie - Heart of Glass
Heart of Glass,Heart of Glass,Nouvelle Vague,,,,,,No,,,Book1.csv,Heart of Glass
Heartbreaker,Heartbreaker,IMY2,,,,,,No,,,Book1.csv,Heartbreaker
Heartbreaker,Heartbreaker,Pat Benatar,,,,,,No,,,Book1.csv,Pat Benatar - Heartbreaker
Heaven,Heaven,The Psychedelic Furs,,,,,,No,,,Book1.csv,Heaven
Heaven Knows,Heaven Knows,The Psychedelic Furs,,,,,,No,,,Book1.csv,Heaven Knows
Heaven Knows,Heaven Knows,The Pretty Reckless,,,,,,No,,,Book1.csv,The Pretty Reckless - Heaven Knows
Help I'm Alive,Help I'm Alive,Metric,,,,,,No,,,Book1.csv,Help I'm Alive
Henry Lee,Henry Lee,Nick Cave & PJ Harvey,,,,1996,,No,,,Book1.csv,"""Henry Lee"" - Nick Cave & PJ Harvey (1996)"
Here & Now,Here & Now,Metric,,,,,,No,,,Book1.csv,Here & Now
Here & Now,Here & Now,Letters to Cleo,,,,,,No,,,Book1.csv,Letters to Cleo - Here & Now
Here Comes Your Man,Here Comes Your Man,Pixies,,,,,,No,,,Book1.csv,Here Comes Your Man
Here Comes Your Man,Here Comes Your Man,The Pixies,,,,,,No,,,Book1.csv,The Pixies - Here Comes Your Man
Here's a tight,Here's a tight,Pixies,,,,,,No,,,Book1.csv,Here's a tight
Hey Man Nice Shot,Hey Man Nice Shot,Filter,,,,,,No,,,Book1.csv,"Filter - ""Hey Man Nice Shot"""
Hey Now,Hey Now,Filter,,,,,,No,,,Book1.csv,Hey Now
Hey Now,Hey Now,London Grammar,,,,,,No,,,Book1.csv,"London Grammar - ""Hey Now"""
High and Dry,High and Dry,Radiohead,,,,1995,,No,,,Book1.csv,"""High and Dry"" - Radiohead (1995)"
High velocity,High velocity,Filter,,,,,,No,,,Book1.csv,High velocity
Higher Love,Higher Love,Steve Winwood,,,,1986,,No,,,Book1.csv,"""Higher Love"" - Steve Winwood (1986)"
Highway Star,Highway Star,Deep Purple,,,,,,No,,,Book1.csv,Deep Purple - Highway Star
Hip to Be Square,Hip to Be Square,Huey Lewis & The News,,,,,,No,,,Book1.csv,Huey Lewis & The News - Hip to Be Square
Hold On,Hold On,Sarah McLachlan,,,,1993,,No,,,Book1.csv,"""Hold On"" - Sarah McLachlan (1993)"
Hold On,Hold On,Wilson Phillips,,,,1990,,No,,,Book1.csv,"""Hold On"" - Wilson Phillips (1990)"
Homesick,Homesick,The Cure,,,,1989,,No,,,Book1.csv,"""Homesick"" - The Cure (1989)"
Horror Head,Horror Head,Curve,,,,,,No,,,Book1.csv,"Curve - ""Horror Head"""
Hot Blooded,Hot Blooded,Foreigner,,,,,,No,,,Book1.csv,Foreigner - Hot Blooded
Hot Blooded,Hot Blooded,New Constellations,,,,,,No,,,Book1.csv,Hot Blooded
Hot in the City,Hot in the City,Billy Idol,,,,,,No,,,Book1.csv,Billy Idol - Hot in the City
Hot in the City,Hot in the City,New Constellations,,,,,,No,,,Book1.csv,Hot in the City
How Soon Is Now,How Soon Is Now,t.A.T.u.,,,,,,No,,,Book1.csv,t.A.T.u. - How Soon Is Now
How Soon Is Now (cover),How Soon Is Now (cover),New Constellations,,,Cover,,,Yes,,New Constellations,Book1.csv,How Soon Is Now (cover)
How Soon Is Now (cover),How Soon Is Now (cover),t.A.T.u.,,,Cover,,,Yes,,t.A.T.u.,Book1.csv,t.A.T.u. - How Soon Is Now (cover)
How Soon Is Now?,How Soon Is Now?,Kendra Morris,,,,,,No,,,Book1.csv,"Kendra Morris - ""How Soon Is Now?"""
How Soon Is Now?,How Soon Is Now?,The Smiths,,,,,,No,,,Book1.csv,"The Smiths - ""How Soon Is Now?"""
Huey Lewis & The News,Huey Lewis & The News,The Power of Love,,,,,,No,,,Book1.csv,Huey Lewis & The News - The Power of Love
Human Nature,Human Nature,Michael Jackson,,,,1982,,No,,,Book1.csv,"""Human Nature"" - Michael Jackson (1982)"
Hungry Like the Wolf,Hungry Like the Wolf,Duran Duran,,,,,,No,,,Book1.csv,Duran Duran - Hungry Like the Wolf
Hurt,Hurt,Nine Inch Nails,,,,1994,,No,,,Book1.csv,"""Hurt"" - Nine Inch Nails (1994)"
Hyperballad,Hyperballad,Björk,,,,1995,,No,,,Book1.csv,"""Hyperballad"" - Björk (1995)"
I Believe in You,I Believe in You,Duran Duran,,,,,,No,,,Book1.csv,I Believe in You
I Believe in You,I Believe in You,Talk Talk,,,,,,No,,,Book1.csv,"Talk Talk - ""I Believe in You"""
I Can't Tell You Why,I Can't Tell You Why,Eagles,,,,1980,,No,,,Book1.csv,"""I Can't Tell You Why"" - Eagles (1980)"
I Drove All Night,I Drove All Night,Cyndi Lauper,,,,1989,,No,,,Book1.csv,"""I Drove All Night"" - Cyndi Lauper (1989)"
I Feel You,I Feel You,Depeche Mode,,,,,,No,,,Book1.csv,"Depeche Mode - ""I Feel You"""
I Get Weak,I Get Weak,Belinda Carlisle,,,,1988,,No,,,Book1.csv,"""I Get Weak"" - Belinda Carlisle (1988)"
I Love Rock 'n' Roll,I Love Rock 'n' Roll,Duran Duran,,,,,,No,,,Book1.csv,I Love Rock 'n' Roll
I Love Rock 'n' Roll,I Love Rock 'n' Roll,Joan Jett,,,,,,No,,,Book1.csv,Joan Jett - I Love Rock 'n' Roll
I Love You Always Forever,I Love You Always Forever,Donna Lewis,,,,1996,,No,,,Book1.csv,"""I Love You Always Forever"" - Donna Lewis (1996)"
I Love You Goodbye,I Love You Goodbye,Duran Duran,,,,,,No,,,Book1.csv,I Love You Goodbye
I Melt With You,I Melt With You,Modern English,,,,1982,,No,,,Book1.csv,"""I Melt With You"" - Modern English (1982)"
I Miss the Misery,I Miss the Misery,Duran Duran,,,,,,No,,,Book1.csv,I Miss the Misery
I Still Believe,I Still Believe,The Call,,,,,,No,,,Book1.csv,"The Call - ""I Still Believe"""
I Still Haven't Found What I'm Looking For,I Still Haven't Found What I'm Looking For,Kelsey Lu,,,,,,No,,,Book1.csv,"Kelsey Lu - ""I Still Haven't Found What I'm Looking For"""
Iceblink Luck,Iceblink Luck,Cocteau Twins,,,,1990,,No,,,Book1.csv,"""Iceblink Luck"" - Cocteau Twins (1990)"
If You Could Only See,If You Could Only See,Tonic,,,,1996,,No,,,Book1.csv,"""If You Could Only See"" - Tonic (1996)"
If You Leave,If You Leave,Orchestral Manoeuvres in the Dark,,,,1986,,No,,,Book1.csv,"""If You Leave"" - Orchestral Manoeuvres in the Dark (1986)"
Ignorance,Ignorance,Paramore,,,,,,No,,,Book1.csv,Paramore - Ignorance
I'll Remember,I'll Remember,Madonna,,,,1994,,No,,,Book1.csv,"""I'll Remember"" - Madonna (1994)"
I'll Stand By You,I'll Stand By You,The Pretenders,,,,1994,,No,,,Book1.csv,"""I'll Stand By You"" - The Pretenders (1994)"
Immigrant Song,Immigrant Song,John Craigie,,,,,,No,,,Book1.csv,Immigrant Song - John Craigie
In a Big Country,In a Big Country,Big Country,,,,1983,,No,,,Book1.csv,"""In a Big Country"" - Big Country (1983)"
In Between Days,In Between Days,Rogue Wave feat. Cover Me,,,,,,Yes,,Rogue Wave feat. Cover Me,Book1.csv,In Between Days
In Between Days,In Between Days,The Cure,,,,,,No,,,Book1.csv,The Cure - In Between Days
In the Air Tonight,In the Air Tonight,Phil Collins,,,,1981,,No,,,Book1.csv,"""In the Air Tonight"" - Phil Collins (1981)"
In The Dark,In The Dark,Billy Squier,,,,,,No,,,Book1.csv,In The Dark - Billy Squier
In Your Nature,In Your Nature,Zola Jesus,,,,,,No,,,Book1.csv,"Zola Jesus - ""In Your Nature"" (David Lynch remix)"
In Your Room,In Your Room,Billy Squier,,,,,,No,,,Book1.csv,In Your Room
In Your Room,In Your Room,The Bangles,,,,,,No,,,Book1.csv,The Bangles - In Your Room
Independence Day,Independence Day,The Comsat Angels,,,,,,No,,,Book1.csv,"The Comsat Angels - ""Independence Day"""
Inertia Creeps,Inertia Creeps,Massive Attack,,,,,,No,,,Book1.csv,"Massive Attack - ""Inertia Creeps"""
Infinity Guitars,Infinity Guitars,Sleigh Bells,,,,,,No,,,Book1.csv,Sleigh Bells - Infinity Guitars
Insensitive,Insensitive,Jann Arden,,,,1994,,No,,,Book1.csv,"""Insensitive"" - Jann Arden (1994)"
Interstate Love Song,Interstate Love Song,Stone Temple Pilots,,,,1994,,No,,,Book1.csv,"""Interstate Love Song"" - Stone Temple Pilots (1994)"
Into Dust,Into Dust,Mazzy Star,,,,1993,,No,,,Book1.csv,"""Into Dust"" - Mazzy Star (1993)"
Into My Arms,Into My Arms,Nick Cave,,,,1997,,No,,,Book1.csv,"""Into My Arms"" - Nick Cave (1997)"
Into the Black,Into the Black,Chromatics,,,,,,No,,,Book1.csv,"Chromatics - ""Into the Black"" (Neil Young)"
Into the Fire,Into the Fire,Sarah McLachlan,,,,1988,,No,,,Book1.csv,"""Into the Fire"" - Sarah McLachlan (1988)"
Into the Fire,Into the Fire,Dokken,,,,,,No,,,Book1.csv,Dokken - Into the Fire
Into the Fire,Into the Fire,Thirteen Senses,,,,,,No,,,Book1.csv,Into the Fire
Intro,Intro,The xx,,,,,,No,,,Book1.csv,"The xx - ""Intro"""
Intro (The xx),Intro (The xx),Thirteen Senses,,,,,,No,,,Book1.csv,Intro (The xx)
INXS,INXS,The Shimmering,,,,,,No,,,Book1.csv,Duran Duran / INXS / U2 - The Shimmering
Iris,Iris,Goo Goo Dolls,,,,1998,,No,,,Book1.csv,"""Iris"" - Goo Goo Dolls (1998)"
Ironic,Ironic,Alanis Morissette,,,,1995,,No,,,Book1.csv,"""Ironic"" - Alanis Morissette (1995)"
It's No Good,It's No Good,Depeche Mode,,,,,,No,,,Book1.csv,"Depeche Mode - ""It's No Good"""
It's So Easy,It's So Easy,Guns N' Roses,,,,,,No,,,Book1.csv,Guns N' Roses - It's So Easy
Jailbreak,Jailbreak,Thin Lizzy,,,,,,No,,,Book1.csv,Thin Lizzy - Jailbreak
Jazz tinged,Jazz tinged,James Blake,,,,,,No,,,Book1.csv,Jazz tinged
Jealous Again,Jealous Again,The Black Crowes,,,,,,No,,,Book1.csv,The Black Crowes - Jealous Again
Jeremy,Jeremy,Pearl Jam,,,,1991,,No,,,Book1.csv,"""Jeremy"" - Pearl Jam (1991)"
Jessie's Girl,Jessie's Girl,Rick Springfield,,,,,,No,,,Book1.csv,Jessie's Girl
Jewel,Jewel,Cranes,,,,,,No,,,Book1.csv,"Cranes - ""Jewel"""
Join in the Chant,Join in the Chant,Nitzer Ebb,,,,,,No,,,Book1.csv,Nitzer Ebb - Join in the Chant
Joker and the Thief,Joker and the Thief,John Mellencamp,,,,,,No,,,Book1.csv,Joker and the Thief
José González (live acoustic),José González (live acoustic),John Mellencamp,,,,,,No,,,Book1.csv,José González (live acoustic)
Joy Division,Joy Division,John Mellencamp,,,,,,No,,,Book1.csv,Joy Division
Joy Division,Joy Division,The Eternal,,,,,,No,,,Book1.csv,Joy Division - The Eternal
Joy Division / New Order,Joy Division / New Order,The Eternal,,,,,,No,,,Book1.csv,Joy Division / New Order
Judith,Judith,A Perfect Circle,,,,,,No,,,Book1.csv,"A Perfect Circle - ""Judith"""
Juke Box Hero,Juke Box Hero,Foreigner,,,,,,No,,,Book1.csv,Foreigner - Juke Box Hero
Juke Box Hero,Juke Box Hero,Judas Priest,,,,,,No,,,Book1.csv,Juke Box Hero
Juke Joint Jezebel,Juke Joint Jezebel,KMFDM,,,,,,No,,,Book1.csv,"KMFDM - ""Juke Joint Jezebel"""
Julia Holter (live bootlegs),Julia Holter (live bootlegs),Judas Priest,,,,,,No,,,Book1.csv,Julia Holter (live bootlegs)
Just a Girl,Just a Girl,No Doubt,,,,,,No,,,Book1.csv,Just a Girl
Just Can't Get Enough,Just Can't Get Enough,Depeche Mode,,,,,,No,,,Book1.csv,Depeche Mode - Just Can't Get Enough
Just Can't Get Enough,Just Can't Get Enough,V-Tech,,,,,,No,,,Book1.csv,Just Can't Get Enough
Just Like Heaven,Just Like Heaven,Aurelia,,,,,,No,,,Book1.csv,"Aurelia - ""Just Like Heaven"" Dream pop haze"
Just Like Heaven,Just Like Heaven,Joy Zipper,,,,,,No,,,Book1.csv,"Joy Zipper - ""Just Like Heaven"" (The Cure)"
Just Like Heaven,Just Like Heaven,The Watson Twins,,,,,,No,,,Book1.csv,Just Like Heaven
Just Like Heaven,Just Like Heaven,Katie Melua,,,,,,No,,,Book1.csv,"Katie Melua - ""Just Like Heaven"""
Just Like Heaven,Just Like Heaven,The Cure,,,,,,No,,,Book1.csv,The Cure - Just Like Heaven
Just One Fix,Just One Fix,Ministry,,,,,,No,,,Book1.csv,"Ministry - ""Just One Fix"""
Just What I Needed,Just What I Needed,Just One Fix,,,,,,No,,,Book1.csv,Just What I Needed
Just What I Needed,Just What I Needed,The Cars,,,,,,No,,,Book1.csv,The Cars - Just What I Needed
Karma Police,Karma Police,Radiohead,,,,1997,,No,,,Book1.csv,"""Karma Police"" - Radiohead (1997)"
Karmacoma,Karmacoma,Massive Attack,,,,1994,,No,,,Book1.csv,"""Karmacoma"" - Massive Attack (1994)"
Keep Away,Keep Away,Godsmack,,,,,,No,,,Book1.csv,Godsmack - Keep Away
Keep Hope Alive,Keep Hope Alive,Godsmack,,,,,,No,,,Book1.csv,Keep Hope Alive
Keep Hope Alive,Keep Hope Alive,The Crystal Method,,,,,,No,,,Book1.csv,Keep Hope Alive - The Crystal Method
Keep Your Hands to Yourself,Keep Your Hands to Yourself,The Georgia Satellites,,,,,,No,,,Book1.csv,The Georgia Satellites - Keep Your Hands to Yourself
Kickstart My Heart,Kickstart My Heart,Rascal Flatts,,,,,,No,,,Book1.csv,Kickstart My Heart
Kickstart My Heart,Kickstart My Heart,Mötley Crüe,,,,,,No,,,Book1.csv,Mötley Crüe - Kickstart My Heart
Kickstart My Heart Skid Row,Kickstart My Heart Skid Row,Mötley Crüe,,,,,,No,,,Book1.csv,Mötley Crüe - Kickstart My Heart Skid Row - Youth Gone Wild Ratt - Round and Round Ratt - Lay It Down Guns N' Roses - Nightrain Guns N' Roses - It's So Easy Def Leppard - Photograph Def Leppard - Rock of Ages Stone Temple Pilots - Sex Type Thing stone temple pilots - tripping on a paper something or something like that
Kids in America,Kids in America,Rascal Flatts,,,,,,No,,,Book1.csv,Kids in America
Kids in America,Kids in America,Kim Wilde,,,,,,No,,,Book1.csv,Kim Wilde - Kids in America
Kim Wilde,Kim Wilde,Killing Joke,,,,,,No,,,Book1.csv,Kim Wilde
King of Pain,King of Pain,The Police,,,,1983,,No,,,Book1.csv,"""King of Pain"" - The Police (1983)"
Kiss and Tell,Kiss and Tell,Kim Wilde,,,,,,No,,,Book1.csv,Kiss and Tell
Kiss From a Rose,Kiss From a Rose,Seal,,,,1994,,No,,,Book1.csv,"""Kiss From a Rose"" - Seal (1994)"
Kiss Me,Kiss Me,Sixpence None the Richer,,,,1997,,No,,,Book1.csv,"""Kiss Me"" - Sixpence None the Richer (1997)"
Kiss the Rain,Kiss the Rain,Billie Myers,,,,1997,,No,,,Book1.csv,"""Kiss the Rain"" - Billie Myers (1997)"
Kiss This,Kiss This,Kim Wilde,,,,,,No,,,Book1.csv,Kiss This
Kiss This,Kiss This,The Struts,,,,,,No,,,Book1.csv,The Struts - Kiss This
La Grange,La Grange,ZZ Top,,,,,,No,,,Book1.csv,ZZ Top - La Grange
Lament,Lament,Ultravox,,,,,,No,,,Book1.csv,"Ultravox - ""Lament"""
Landslide,Landslide,Fleetwood Mac (1975,,,,1975,,No,,,Book1.csv,"""Landslide"" - Fleetwood Mac (1975"
Last,Last,Nine Inch Nails,,,,,,No,,,Book1.csv,"Nine Inch Nails - ""Last"""
Last Nite,Last Nite,The Strokes,,,,,,No,,,Book1.csv,The Strokes - Last Nite
Last Resort,Last Resort,Papa Roach,,,,,,No,,,Book1.csv,Papa Roach - Last Resort
Last Train to Trancentral,Last Train to Trancentral,The KLF,,,,,,No,,,Book1.csv,Last Train to Trancentral - The KLF
Lay It Down,Lay It Down,Laura Glyda,,,,,,No,,,Book1.csv,Lay It Down
Lay It Down,Lay It Down,Ratt,,,,,,No,,,Book1.csv,Ratt - Lay It Down
Lazuli,Lazuli,Beach House,,,,,,No,,,Book1.csv,"Beach House - ""Lazuli"""
Leave Me Alone,Leave Me Alone,Natalie Imbruglia,,,,,,No,,,Book1.csv,"Natalie Imbruglia - ""Leave Me Alone"" (The Smiths)"
Let the Day Begin,Let the Day Begin,The Call,,,,,,No,,,Book1.csv,The Call - Let the Day Begin
Let's Go,Let's Go,The Cars,,,,,,No,,,Book1.csv,The Cars - Let's Go
Let's Go Out Tonight,Let's Go Out Tonight,The Blue Nile,,,,1990,,No,,,Book1.csv,"""Let's Go Out Tonight"" - The Blue Nile (1990)"
Life in a Northern Town,Life in a Northern Town,Eddy McManus feat. Avalon,,,,,,No,,,Book1.csv,Life in a Northern Town
Lightning Crashes,Lightning Crashes,Live,,,,1994,,No,,,Book1.csv,"""Lightning Crashes"" - Live (1994)"
Lil' Devil,Lil' Devil,Eddy McManus feat. Avalon,,,,,,No,,,Book1.csv,Lil' Devil
Lil' Devil,Lil' Devil,The Cult,,,,,,No,,,Book1.csv,The Cult - Lil' Devil
Limit to Your Love,Limit to Your Love,James Blake,,,,,,No,,,Book1.csv,"James Blake - ""Limit to Your Love"""
Linger,Linger,The Cranberries,,,,1993,,No,,,Book1.csv,"""Linger"" - The Cranberries (1993)"
Lips Like Sugar,Lips Like Sugar,Echo & The Bunnymen,,,,,,No,,,Book1.csv,Echo & The Bunnymen - Lips Like Sugar
Lips Like Sugar,Lips Like Sugar,Echo And The Bunnymen,,,,,,No,,,Book1.csv,Lips Like Sugar
Lit Up,Lit Up,Buckcherry,,,,,,No,,,Book1.csv,Buckcherry - Lit Up
Little Things,Little Things,Bush,,,,,,No,,,Book1.csv,Bush - Little Things
Live at the Apollo,Live at the Apollo,Roxy Music,,,,2001,,No,,,Book1.csv,Roxy Music - Live at the Apollo (2001)
Live Wire,Live Wire,Echo And The Bunnymen,,,,,,No,,,Book1.csv,Live Wire
Live Wire,Live Wire,Mötley Crüe,,,,,,No,,,Book1.csv,Mötley Crüe - Live Wire
Living in America,Living in America,Echo And The Bunnymen,,,,,,No,,,Book1.csv,Living in America
Living in America,Living in America,The Sounds,,,,,,No,,,Book1.csv,The Sounds - Living in America
Locomotive Breath,Locomotive Breath,Jethro Tull,,,,,,No,,,Book1.csv,"Jethro Tull - ""Locomotive Breath"""
Locomotive Breath,Locomotive Breath,Styx feat. Big Bang Theory,,,,,,No,,,Book1.csv,Locomotive Breath
Long Hot Summer,Long Hot Summer,London Grammar,,,,,,No,,,Book1.csv,Long Hot Summer
Looks That Kill,Looks That Kill,London Grammar,,,,,,No,,,Book1.csv,Looks That Kill
Lorelei,Lorelei,Cocteau Twins,,,,1984,,No,,,Book1.csv,"""Lorelei"" - Cocteau Twins (1984)"
Losing My Religion,Losing My Religion,R.E.M.,,,,1991,,No,,,Book1.csv,"""Losing My Religion"" - R.E.M. (1991)"
Louise,Louise,Clan of Xymox,,,,,,No,,,Book1.csv,Clan of Xymox - Louise
Love in an Elevator,Love in an Elevator,Aerosmith,,,,,,No,,,Book1.csv,Aerosmith - Love in an Elevator
Love in an Elevator,Love in an Elevator,Lotte Kestner,,,,,,No,,,Book1.csv,Love in an Elevator
Love Is a Battlefield,Love Is a Battlefield,Pat Benatar,,,,1983,,No,,,Book1.csv,"""Love Is a Battlefield"" - Pat Benatar (1983)"
Love Is Blindness,Love Is Blindness,Lotte Kestner,,,,,,No,,,Book1.csv,Love Is Blindness
Love Is Stronger Than Death,Love Is Stronger Than Death,The The,,,,1993,,No,,,Book1.csv,"""Love Is Stronger Than Death"" - The The (1993)"
Love Is Stronger Than Pride,Love Is Stronger Than Pride,Lotte Kestner,,,,,,No,,,Book1.csv,Love Is Stronger Than Pride
Love Is to Die,Love Is to Die,Warpaint,,,,,,No,,,Book1.csv,"Warpaint - ""Love Is to Die"""
Love Like Blood,Love Like Blood,Killing Joke,,,,,,No,,,Book1.csv,"Killing Joke - ""Love Like Blood"""
Love Like Blood,Love Like Blood,Lotte Kestner,,,,,,No,,,Book1.csv,Love Like Blood
Love My Way,Love My Way,The Psychedelic Furs,,,,,,No,,,Book1.csv,Love My Way
Love Shack,Love Shack,The B-52's,,,,,,No,,,Book1.csv,Love Shack
Love Shack,Love Shack,The B 52's,,,,,,No,,,Book1.csv,The B 52's - Love Shack
Love Song,Love Song,The Cure,,,,1989,,No,,,Book1.csv,"""Love Song"" - The Cure (1989)"
Love Song for a Vampire,Love Song for a Vampire,Annie Lennox,,,,1992,,No,,,Book1.csv,"""Love Song for a Vampire"" - Annie Lennox (1992)"
Love Will Tear Us Apart,Love Will Tear Us Apart,Joy Division,,,,1980,,No,,,Book1.csv,"""Love Will Tear Us Apart"" - Joy Division (1980)"
Love Will Tear Us Apart,Love Will Tear Us Apart,Lotte Kestner,,,,,,No,,,Book1.csv,"Lotte Kestner - ""Love Will Tear Us Apart"""
Love Will Tear Us Apart,Love Will Tear Us Apart,The B-52's,,,,,,No,,,Book1.csv,Love Will Tear Us Apart
Love Will Tear Us Apart,Love Will Tear Us Apart,Nouela,,,,,,No,,,Book1.csv,"Nouela - ""Love Will Tear Us Apart"" Slow"
Love Will Tear Us Apart,Love Will Tear Us Apart,Scala & Kolacny Brothers,,,,,,No,,,Book1.csv,"Scala & Kolacny Brothers - ""Love Will Tear Us Apart"" Choral"
Love Will Tear Us Apart,Love Will Tear Us Apart,Susanna & the Magical Orchestra,,,,,,No,,,Book1.csv,"Susanna & the Magical Orchestra - ""Love Will Tear Us Apart"""
Love... Thy Will Be Done,Love... Thy Will Be Done,Martika,,,,1991,,No,,,Book1.csv,"""Love... Thy Will Be Done"" - Martika (1991)"
Lovefool,Lovefool,The Cardigans,,,,1996,,No,,,Book1.csv,"""Lovefool"" - The Cardigans (1996)"
Lucretia My Reflection,Lucretia My Reflection,The B-52's,,,,,,No,,,Book1.csv,Lucretia My Reflection
Lucretia My Reflection,Lucretia My Reflection,The Sisters of Mercy,,,,,,No,,,Book1.csv,"The Sisters of Mercy - ""Lucretia My Reflection"""
lush,lush,Four Tet,,,,,,No,,,Book1.csv,lush
Machine Gun,Machine Gun,Portishead,,,,,,No,,,Book1.csv,"Portishead - ""Machine Gun"""
Machine Gun,Machine Gun,Slowdive,,,,,,No,,,Book1.csv,"Slowdive - ""Machine Gun"""
Machinehead,Machinehead,Bush,,,,,,No,,,Book1.csv,Bush - Machinehead
Man in the Mirror,Man in the Mirror,Michael Jackson,,,,1987,,No,,,Book1.csv,"""Man in the Mirror"" - Michael Jackson (1987)"
Maria (I Like It Loud),Maria (I Like It Loud),Scooter,,,,,,No,,,Book1.csv,Scooter - Maria (I Like It Loud)
Mark Hollis,Mark Hollis,The Colour of Spring,,,,,,No,,,Book1.csv,Mark Hollis - The Colour of Spring
Mark Hollis (solo),Mark Hollis (solo),The Colour of Spring,,,,,,No,,,Book1.csv,Mark Hollis (solo)
Massively covered,Massively covered,Massive Attack,,,Cover,,,Yes,,Massive Attack,Book1.csv,Massively covered
Me & You,Me & You,Nero,,,,,,No,,,Book1.csv,Nero - Me & You
Men Today,Men Today,Health,,,,,,No,,,Book1.csv,"Health - ""Men Today"""
Mercy Street,Mercy Street,Peter Gabriel,,,,1986,,No,,,Book1.csv,"""Mercy Street"" - Peter Gabriel (1986)"
Mercy Street,Mercy Street,Virgin Magnetic Material,,,,,,No,,,Book1.csv,Mercy Street
Middle of the Road,Middle of the Road,The Pretenders,,,,,,No,,,Book1.csv,The Pretenders - Middle of the Road
Mindphaser,Mindphaser,Front Line Assembly,,,,,,No,,,Book1.csv,"Front Line Assembly - ""Mindphaser"""
Ministry,Ministry,Just One Fix,,,,,,No,,,Book1.csv,Just One Fix - Ministry
Mirror in the Bathroom,Mirror in the Bathroom,The Beat,,,,,,No,,,Book1.csv,The Beat - Mirror in the Bathroom
Misery Business,Misery Business,Paramore,,,,,,No,,,Book1.csv,Paramore - Misery Business
Missing,Missing,Everything But The Girl,,,,1994,,No,,,Book1.csv,"""Missing"" - Everything But The Girl (1994)"
Mixed Emotions,Mixed Emotions,Missing Persons,,,,,,No,,,Book1.csv,Mixed Emotions
Mixed Emotions,Mixed Emotions,The Rolling Stones,,,,,,No,,,Book1.csv,The Rolling Stones - Mixed Emotions
Money for Nothing,Money for Nothing,Dire Straits,,,,,,No,,,Book1.csv,Dire Straits - Money for Nothing
Monkey Business,Monkey Business,Skid Row,,,,,,No,,,Book1.csv,Skid Row - Monkey Business
Moon Song,Moon Song,Phoebe Bridgers,,,,,,No,,,Book1.csv,"Phoebe Bridgers - ""Moon Song"""
Moonchild,Moonchild,Fields of the Nephilim,,,,,,No,,,Book1.csv,"Fields of the Nephilim - ""Moonchild"""
More,More,The Sisters of Mercy,,,,,,No,,,Book1.csv,"The Sisters of Mercy - ""More"""
More Human Than Human,More Human Than Human,White Zombie,,,,,,No,,,Book1.csv,More Human Than Human - White Zombie
More Than This,More Than This,Wolf Alice,,,,,,No,,,Book1.csv,"""More Than This"""
More Than This,More Than This,Roxy Music,,,,1982,,No,,,Book1.csv,"""More Than This"" - Roxy Music (1982)"
,,,,,,,,,,,,
Motion,Motion,Boy Harsher,,,,,,No,,,Book1.csv,"Boy Harsher - ""Motion"""
Motion Sickness,Motion Sickness,Phoebe Bridgers,,,,,,No,,,Book1.csv,"Phoebe Bridgers - ""Motion Sickness"""
Mötley Crüe,Mötley Crüe,Dr. Feelgood,,,,,,No,,,Book1.csv,Dr. Feelgood - Mötley Crüe
Mötley Crüe,Mötley Crüe,White Zombie,,,,,,No,,,Book1.csv,Mötley Crüe
Mr. Brownstone,Mr. Brownstone,Guns N' Roses,,,,,,No,,,Book1.csv,Guns N' Roses - Mr. Brownstone
Mr. Brownstone,Mr. Brownstone,Mötley Crüe,,,,,,No,,,Book1.csv,Mr. Brownstone
Mr. Brownstone,Mr. Brownstone,Mötley Crüe,,,,,,No,,,Book1.csv,Mr. Brownstone
My Ever Changing Moods,My Ever Changing Moods,Mötley Crüe,,,,,,No,,,Book1.csv,My Ever Changing Moods
My Michelle,My Michelle,Mötley Crüe,,,,,,No,,,Book1.csv,My Michelle
My People,My People,The Presets,,,,,,No,,,Book1.csv,The Presets - My People
My Sharona,My Sharona,Mötley Crüe,,,,,,No,,,Book1.csv,My Sharona
My Sharona,My Sharona,The Knack,,,,,,No,,,Book1.csv,The Knack - My Sharona
Mysteries of Love,Mysteries of Love,Julee Cruise,,,,1986,,No,,,Book1.csv,"""Mysteries of Love"" - Julee Cruise (1986)"
Mysterons,Mysterons,Portishead,,,,,,No,,,Book1.csv,"Portishead - ""Mysterons"""
Myth,Myth,Beach House,,,,,,No,,,Book1.csv,"Beach House - ""Myth"""
N.W.O.,N.W.O.,Ministry,,,,,,No,,,Book1.csv,"Ministry - ""N.W.O."""
Naked Eye,Naked Eye,Luscious Jackson,,,,,,No,,,Book1.csv,Luscious Jackson - Naked Eye
Name,Name,Goo Goo Dolls,,,,1995,,No,,,Book1.csv,"""Name"" - Goo Goo Dolls (1995)"
Name of the Game,Name of the Game,The Crystal Method,,,,,,No,,,Book1.csv,Name of the Game - The Crystal Method
Name of the Game (Reprise),Name of the Game (Reprise),The Crystal Method,,,,,,No,,,Book1.csv,Name of the Game (Reprise) - The Crystal Method
Need You Tonight,Need You Tonight,INXS,,,,,,No,,,Book1.csv,Need You Tonight
Neon Edge,Neon Edge,INXS,,,,,,No,,,Book1.csv,Neon Edge
Never Tear Us Apart,Never Tear Us Apart,INXS,,,,1988,,No,,,Book1.csv,"""Never Tear Us Apart"" - INXS (1988)"
New Sensation,New Sensation,INXS,,,,,,No,,,Book1.csv,INXS - New Sensation
New Sensation,New Sensation,INXS,,,,,,No,,,Book1.csv,INXS - New Sensation
Night,Night,Zola Jesus,,,,,,No,,,Book1.csv,"Zola Jesus - ""Night"""
Nightcall,Nightcall,London Grammar,,,,,,No,,,Book1.csv,"London Grammar - ""Nightcall"" (Kavinsky)"
Nightrain,Nightrain,Guns N' Roses,,,,,,No,,,Book1.csv,Guns N' Roses - Nightrain
Nightswimming,Nightswimming,R.E.M.,,,,1992,,No,,,Book1.csv,"""Nightswimming"" - R.E.M. (1992)"
No One Knows,No One Knows,Queens of the Stone Age,,,,,,No,,,Book1.csv,Queens of the Stone Age - No One Knows
No Ordinary Love,No Ordinary Love,Sade,,,,1992,,No,,,Book1.csv,"""No Ordinary Love"" - Sade (1992)"
No Ordinary Love,No Ordinary Love,No Doubt,,,,,,No,,,Book1.csv,No Ordinary Love
No Rain,No Rain,Blind Melon,,,,1992,,No,,,Book1.csv,"""No Rain"" - Blind Melon (1992)"
No Surprises,No Surprises,Radiohead,,,,1997,,No,,,Book1.csv,"""No Surprises"" - Radiohead (1997)"
Nothin' But a Good Time,Nothin' But a Good Time,No Doubt,,,,,,No,,,Book1.csv,Nothin' But a Good Time
Nothin' But a Good Time,Nothin' But a Good Time,Poison,,,,,,No,,,Book1.csv,Poison - Nothin' But a Good Time
Nothing Compares 2 U,Nothing Compares 2 U,Sinéad O'Connor,,,,1990,,No,,,Book1.csv,"""Nothing Compares 2 U"" - Sinéad O'Connor (1990)"
Nothing Else Matters,Nothing Else Matters,Metallica,,,,1991,,No,,,Book1.csv,"""Nothing Else Matters"" - Metallica (1991)"
Nothing's Gonna Stop Us Now,Nothing's Gonna Stop Us Now,Starship,,,,1987,,No,,,Book1.csv,"""Nothing's Gonna Stop Us Now"" - Starship (1987)"
Notorious,Notorious,Duran Duran,,,,,,No,,,Book1.csv,Duran Duran - Notorious
Obsession,Obsession,Animotion,,,,,,No,,,Book1.csv,Animotion - Obsession
Ode to My Family,Ode to My Family,The Cranberries,,,,1994,,No,,,Book1.csv,"""Ode to My Family"" - The Cranberries (1994)"
Omen,Omen,The Prodigy,,,,,,No,,,Book1.csv,The Prodigy - Omen
On We March,On We March,Trent Reznor & Atticus Ross,,,,,,No,,,Book1.csv,"Trent Reznor & Atticus Ross - ""On We March"""
Once in a Lifetime,Once in a Lifetime,The Cutters$$$_jqjjtjQY5Mg feat. Stranger Things - The Complete Fantasy Playlist,,,,,,No,,,Book1.csv,Once in a Lifetime
Once in a Lifetime,Once in a Lifetime,Talking Heads,,,,,,No,,,Book1.csv,Talking Heads - Once in a Lifetime
Once you drop those,Once you drop those,The Cutters$$$_jqjjtjQY5Mg feat. Stranger Things - The Complete Fantasy Playlist,,,,,,No,,,Book1.csv,Once you drop those
One,One,U2,,,,,,No,,,Book1.csv,One
One Caress,One Caress,Depeche Mode,,,,1993,,No,,,Book1.csv,"""One Caress"" - Depeche Mode (1993)"
One Step Closer,One Step Closer,Linkin Park,,,,,,No,,,Book1.csv,Linkin Park - One Step Closer
One Thing Leads to Another,One Thing Leads to Another,The Fixx,,,,,,No,,,Book1.csv,One Thing Leads to Another
One Way or Another,One Way or Another,Blondie,,,,,,No,,,Book1.csv,Blondie - One Way or Another
One Way or Another,One Way or Another,The Fixx,,,,,,No,,,Book1.csv,One Way or Another
Only,Only,Nine Inch Nails,,,,,,No,,,Book1.csv,"Nine Inch Nails - ""Only"""
Only Happy When It Rains,Only Happy When It Rains,Garbage,,,,,,No,,,Book1.csv,Garbage - Only Happy When It Rains
Only Happy When It Rains,Only Happy When It Rains,Virgin Magnetic Material,,,,,,No,,,Book1.csv,Only Happy When It Rains
Only You,Only You,Yazoo,,,,1982,,No,,,Book1.csv,"""Only You"" - Yazoo (1982)"
Open,Open,Rhye,,,,,,No,,,Book1.csv,Open
Orange Crush,Orange Crush,R.E.M.,,,,,,No,,,Book1.csv,Orange Crush
Orange Crush Elastica,Orange Crush Elastica,R.E.M.,,,,,,No,,,Book1.csv,R.E.M. - Orange Crush Elastica - Connection The Killers - Somebody Told Me Franz Ferdinand - Take Me Out clubfoot; the underdog
Ordinary World,Ordinary World,Duran Duran,,,,1993,,No,,,Book1.csv,"""Ordinary World"" - Duran Duran (1993)"
Original Sin,Original Sin,INXS,,,,,,No,,,Book1.csv,INXS - Original Sin
Original Sin,Original Sin,Orgy,,,,,,No,,,Book1.csv,Original Sin
Out of the Black,Out of the Black,Orkestra Obsolete (BBC),,,,,,No,,,Book1.csv,Out of the Black
Out of the Black,Out of the Black,Royal Blood,,,,,,No,,,Book1.csv,Royal Blood - Out of the Black
Owner of a Lonely Heart,Owner of a Lonely Heart,Yes,,,,,,No,,,Book1.csv,Owner of a Lonely Heart - Yes
Pain,Pain,Boy Harsher,,,,,,No,,,Book1.csv,"Boy Harsher - ""Pain"""
Paradise Circus,Paradise Circus,Massive Attack,,,,,,No,,,Book1.csv,"Massive Attack - ""Paradise Circus"""
Paradise City,Paradise City,Guns N' Roses,,,,,,No,,,Book1.csv,Guns N' Roses - Paradise City
Paradise City,Paradise City,Papa Roach,,,,,,No,,,Book1.csv,Paradise City
Paradise City,Paradise City,Papa Roach,,,,,,No,,,Book1.csv,Paradise City
Peace of Mind,Peace of Mind,Boston,,,,,,No,,,Book1.csv,Boston - Peace of Mind
Peace of Mind,Peace of Mind,Paul Van Dyk,,,,,,No,,,Book1.csv,Peace of Mind
Pensacola,Pensacola,Joan Osborne,,,,1995,,No,,,Book1.csv,"""Pensacola"" - Joan Osborne (1995)"
People Are People,People Are People,Depeche Mode,,,,,,No,,,Book1.csv,Depeche Mode - People Are People
Personal Jesus,Personal Jesus,Depeche Mode,,,,1989,,No,,,Book1.csv,"""Personal Jesus"" - Depeche Mode (1989)"
Photograph,Photograph,Def Leppard,,,,,,No,,,Book1.csv,Def Leppard - Photograph
Photograph,Photograph,Oi Va Voi,,,,,,No,,,Book1.csv,Photograph
Photograph,Photograph,Oi Va Voi,,,,,,No,,,Book1.csv,Photograph
Pictures of You,Pictures of You,The Cure,,,,1989,,No,,,Book1.csv,"""Pictures of You"" - The Cure (1989)"
Piece of Me,Piece of Me,Oi Va Voi,,,,,,No,,,Book1.csv,Piece of Me
Pink Rabbits,Pink Rabbits,The National,,,,,,No,,,Book1.csv,The National - Pink Rabbits
Plowed,Plowed,Zoe De La Sera Plowed,,,,,,No,,,Book1.csv,Plowed
Plowed,Plowed,Sponge,,,,,,No,,,Book1.csv,Sponge - Plowed
Plowed,Plowed,Sponge,,,,,,No,,,Book1.csv,Sponge - Plowed
Plush,Plush,Stone Temple Pilots,,,,1992,,No,,,Book1.csv,"""Plush"" - Stone Temple Pilots (1992)"
Poison Arrow,Poison Arrow,ABC,,,,,,No,,,Book1.csv,ABC - Poison Arrow
Policy of Truth,Policy of Truth,Depeche Mode,,,,1990,,No,,,Book1.csv,"""Policy of Truth"" - Depeche Mode (1990)"
Possession,Possession,Sarah McLachlan,,,,1993,,No,,,Book1.csv,"""Possession"" - Sarah McLachlan (1993)"
Possibly Maybe,Possibly Maybe,Björk,,,,1995,,No,,,Book1.csv,"""Possibly Maybe"" - Björk (1995)"
,,,,,,,,,,,,
Prefab Sprout,Prefab Sprout,Portishead,,,,,,No,,,Book1.csv,Prefab Sprout
Pretend We're Dead,Pretend We're Dead,Prefab Sprout,,,,,,No,,,Book1.csv,Pretend We're Dead
Pretty in Pink,Pretty in Pink,The Psychedelic Furs,,,,,,No,,,Book1.csv,Pretty in Pink
Pride (In the Name of Love),Pride (In the Name of Love),U2,,,,,,No,,,Book1.csv,Pride (In the Name of Love)
Prism #1,Prism #1,Stateless,,,,,,No,,,Book1.csv,"Stateless - ""Prism #1"""
Private Idaho,Private Idaho,U2,,,,,,No,,,Book1.csv,Private Idaho
Private Idaho,Private Idaho,The B-52's,,,,,,No,,,Book1.csv,The B-52's - Private Idaho
Promises,Promises,Nero,,,,,,No,,,Book1.csv,Nero - Promises
Propane Nightmares,Propane Nightmares,Pendulum,,,,,,No,,,Book1.csv,Pendulum - Propane Nightmares
Prophecy,Prophecy,Front Line Assembly,,,,,,No,,,Book1.csv,"Front Line Assembly - ""Prophecy"""
Protection,Protection,Everything But The Girl version,,,,1994,,No,,,Book1.csv,"""Protection"" - Everything But The Girl version (1994)"
Protection,Protection,Massive Attack,,,,1994,,No,,,Book1.csv,"""Protection"" - Massive Attack (1994)"
Protection,Protection,Massive Attack ft. Tracey Thorn,,,,1994,,No,,,Book1.csv,"""Protection"" - Massive Attack ft. Tracey Thorn (1994)"
Pure Morning,Pure Morning,Placebo,,,,,,No,,,Book1.csv,"Placebo - ""Pure Morning"""
Push,Push,The Cure,,,,,,No,,,Book1.csv,"The Cure - ""Push"""
Push It,Push It,Garbage,,,,,,No,,,Book1.csv,"Garbage - ""Push It"""
Pyramid Song,Pyramid Song,Radiohead,,,,,,No,,,Book1.csv,Radiohead - Pyramid Song
Rabbit in Your Headlights,Rabbit in Your Headlights,UNKLE,,,,,,No,,,Book1.csv,"UNKLE - ""Rabbit in Your Headlights"""
Radar Love,Radar Love,Golden Earring,,,,,,No,,,Book1.csv,"Golden Earring - ""Radar Love"""
Rag Doll,Rag Doll,Aerosmith,,,,,,No,,,Book1.csv,Aerosmith - Rag Doll
Rag Doll,Rag Doll,Radiohead,,,,,,No,,,Book1.csv,Rag Doll
Rain,Rain,Madonna,,,,1992,,No,,,Book1.csv,"""Rain"" - Madonna (1992)"
Rain,Rain,Alphawezen,,,,,,No,,,Book1.csv,Rain
Rain,Rain,The Cult,,,,,,No,,,Book1.csv,"The Cult - ""Rain"""
Rain in the Summertime,Rain in the Summertime,The Alarm,,,,,,No,,,Book1.csv,The Alarm - Strength / Sold Me Down the River / Rain in the Summertime / Blaze of Glory / The Stand / 68 Guns
Raise Hell,Raise Hell,Dorothy,,,,,,No,,,Book1.csv,Dorothy - Raise Hell
Raise Hell,Raise Hell,Alphawezen,,,,,,No,,,Book1.csv,Raise Hell
Ready Steady Go,Ready Steady Go,Paul Oakenfold,,,,,,No,,,Book1.csv,Ready Steady Go - Paul Oakenfold
Ready Steady Go (Extended Mix),Ready Steady Go (Extended Mix),Paul Oakenfold,,,,,,No,,,Book1.csv,Paul Oakenfold - Ready Steady Go (Extended Mix)
Ready to Go,Ready to Go,Republica,,,,,,No,,,Book1.csv,Ready to Go
Rebel Yell,Rebel Yell,Billy Idol,,,,,,No,,,Book1.csv,Billy Idol - Rebel Yell
Rebel Yell,Rebel Yell,Triple Seven,,,,,,No,,,Book1.csv,Rebel Yell
Red Hill Mining Town,Red Hill Mining Town,Billy Idol,,,,,,No,,,Book1.csv,Red Hill Mining Town
Red Skies,Red Skies,Billy Idol,,,,,,No,,,Book1.csv,Red Skies
Red Skies,Red Skies,The Fixx,,,,,,No,,,Book1.csv,The Fixx - Red Skies
Renegade,Renegade,Styx,,,,,,No,,,Book1.csv,Renegade - Styx
Reptile,Reptile,Nine Inch Nails,,,,,,No,,,Book1.csv,"Nine Inch Nails - ""Reptile"""
Reptile,Reptile,The Church,,,,,,No,,,Book1.csv,Reptile
Reptilia,Reptilia,The Strokes,,,,,,No,,,Book1.csv,The Strokes - Reptilia
Retrograde,Retrograde,James Blake,,,,,,No,,,Book1.csv,"James Blake - ""Retrograde"""
Rez,Rez,Underworld,,,,,,No,,,Book1.csv,Underworld - Rez
Rhian Sheehan (ambient instrumental),Rhian Sheehan (ambient instrumental),Republica,,,,,,No,,,Book1.csv,Rhian Sheehan (ambient instrumental)
Ribbons,Ribbons,Sisters of Mercy,,,,1990,,No,,,Book1.csv,"""Ribbons"" - Sisters of Mercy (1990)"
Right Beside You,Right Beside You,Sophie B. Hawkins,,,,1994,,No,,,Book1.csv,"""Right Beside You"" - Sophie B. Hawkins (1994)"
Right Here Waiting,Right Here Waiting,Richard Marx,,,,1989,,No,,,Book1.csv,"""Right Here Waiting"" - Richard Marx (1989)"
Rio,Rio,Duran Duran,,,,,,No,,,Book1.csv,Duran Duran - Rio
Rio,Rio,The Moon Loungers feat. Acoustic Covers - 80s,,,,,,Yes,,The Moon Loungers feat. Acoustic Covers - 80s,Book1.csv,Rio
Rite of Shiva,Rite of Shiva,Machines of Loving Grace,,,,,,No,,,Book1.csv,"""Rite of Shiva"" - Machines of Loving Grace"
Roadhouse Blues,Roadhouse Blues,The Doors,,,,,,No,,,Book1.csv,The Doors - Roadhouse Blues
Roads,Roads,Portishead,,,,1994,,No,,,Book1.csv,"""Roads"" - Portishead (1994)"
Roads,Roads,Urban Love feat. Ivette Moraes,,,,,,No,,,Book1.csv,Roads
Roam,Roam,The B-52's,,,,,,No,,,Book1.csv,Roam
Roam,Roam,The B 52's,,,,,,No,,,Book1.csv,The B 52's - Roam
Rock Bottom,Rock Bottom,UFO,,,,,,No,,,Book1.csv,UFO - Rock Bottom
Rock of Ages,Rock of Ages,Def Leppard,,,,,,No,,,Book1.csv,Def Leppard - Rock of Ages
Roll With the Changes,Roll With the Changes,REO Speedwagon,,,,,,No,,,Book1.csv,REO Speedwagon - Roll With the Changes
Rosanna,Rosanna,Toto,,,,1982,,No,,,Book1.csv,"""Rosanna"" - Toto (1982)"
Round and Round,Round and Round,Ratt,,,,,,No,,,Book1.csv,Ratt - Round and Round
Round Here,Round Here,Counting Crows,,,,1993,,No,,,Book1.csv,"""Round Here (acoustic)"" - Counting Crows (1993)"
Royal Blood,Royal Blood,Roxy Music,,,,,,No,,,Book1.csv,Royal Blood
Ruiner,Ruiner,Nine Inch Nails,,,,,,No,,,Book1.csv,"Nine Inch Nails - ""Ruiner"""
Run,Run,Collective Soul,,,,,,No,,,Book1.csv,Run (Live) - Collective Soul
Run Like Hell,Run Like Hell,Collective Soul,,,,,,No,,,Book1.csv,Run Like Hell
Run to You,Run to You,Bryan Adams,,,,,,No,,,Book1.csv,Bryan Adams - Run to You
Run to You,Run to You,Komodo feat. Run To You,,,,,,No,,,Book1.csv,Run to You
Runaway,Runaway,Janet Jackson,,,,1995,,No,,,Book1.csv,"""Runaway"" - Janet Jackson (1995)"
Runaway Train,Runaway Train,Soul Asylum,,,,1993,,No,,,Book1.csv,"""Runaway Train"" - Soul Asylum (1993)"
Runnin' Down a Dream,Runnin' Down a Dream,Tom Petty,,,,,,No,,,Book1.csv,Runnin' Down a Dream
Running Up That Hill,Running Up That Hill,Kate Bush,,,,1985,,No,,,Book1.csv,"""Running Up That Hill"" - Kate Bush (1985)"
Running Up That Hill,Running Up That Hill,Chromatics,,,,,,No,,,Book1.csv,"Chromatics - ""Running Up That Hill"" (Kate Bush)"
Salvation,Salvation,The Cranberries,,,,,,No,,,Book1.csv,The Cranberries - Salvation
Same Ol' Situation,Same Ol' Situation,Saliva,,,,,,No,,,Book1.csv,Same Ol' Situation
Same Ol' Situation (S.O.S.),Same Ol' Situation (S.O.S.),Saliva,,,,,,No,,,Book1.csv,Same Ol' Situation (S.O.S.)
San Jacinto,San Jacinto,Peter Gabriel,,,,1982,,No,,,Book1.csv,"""San Jacinto"" - Peter Gabriel (1982)"
Sanctify Yourself,Sanctify Yourself,Saliva,,,,,,No,,,Book1.csv,Sanctify Yourself
Sanctify Yourself,Sanctify Yourself,Simple Minds,,,,,,No,,,Book1.csv,Simple Minds - Sanctify Yourself
Sandstorm,Sandstorm,Darude,,,,,,No,,,Book1.csv,Darude - Sandstorm
Santa Monica,Santa Monica,Everclear,,,,,,No,,,Book1.csv,Everclear - Santa Monica
Sara,Sara,Fleetwood Mac,,,,1980,,No,,,Book1.csv,"""Sara"" - Fleetwood Mac (1980)"
Save a Prayer,Save a Prayer,Duran Duran,,,,1982,,No,,,Book1.csv,"""Save a Prayer"" - Duran Duran (1982)"
Save It for Later,Save It for Later,The English Beat,,,,,,No,,,Book1.csv,Save It for Later
Save It for Later,Save It for Later,The Beat (The English Beat),,,,,,No,,,Book1.csv,The Beat (The English Beat) - Save It for Later
Save Yourself,Save Yourself,Stabbing Westward,,,,,,No,,,Book1.csv,Save Yourself - Stabbing Westward
Saved by Zero,Saved by Zero,The Fixx,,,,,,No,,,Book1.csv,Saved by Zero
Say It Ain't So,Say It Ain't So,Weezer,,,,1994,,No,,,Book1.csv,"""Say It Ain't So"" - Weezer (1994)"
Say Yes,Say Yes,Elliott Smith,,,,1997,,No,,,Book1.csv,"""Say Yes"" - Elliott Smith (1997)"
Screen Kiss,Screen Kiss,Scooter,,,,,,No,,,Book1.csv,Screen Kiss
Second Skin,Second Skin,Scooter,,,,,,No,,,Book1.csv,Second Skin
Second Skin,Second Skin,The Chameleons,,,,,,No,,,Book1.csv,"The Chameleons - ""Second Skin"""
Secret,Secret,Madonna,,,,1994,,No,,,Book1.csv,"""Secret"" - Madonna (1994)"
See my thinking,See my thinking,Scooter,,,,,,No,,,Book1.csv,See my thinking
Seether,Seether,Veruca Salt,,,,,,No,,,Book1.csv,Veruca Salt - Seether
Send Me an Angel,Send Me an Angel,Real Life,,,,1983,,No,,,Book1.csv,"""Send Me an Angel"" - Real Life (1983)"
Sense of Purpose,Sense of Purpose,Keeley,,,,,,No,,,Book1.csv,"Keeley - ""Sense of Purpose"" (The Sound)"
Sense of Purpose,Sense of Purpose,The Sound,,,,,,No,,,Book1.csv,"The Sound - ""Sense of Purpose"""
Setting Sun,Setting Sun,The Chemical Brothers,,,,,,No,,,Book1.csv,The Chemical Brothers - Setting Sun
Seven Nation Army,Seven Nation Army,The White Stripes,,,,,,No,,,Book1.csv,The White Stripes - Seven Nation Army
Severina,Severina,The Mission,,,,,,No,,,Book1.csv,The Mission - Severina
Sex Type Thing,Sex Type Thing,Stone Temple Pilots,,,,,,No,,,Book1.csv,Stone Temple Pilots - Sex Type Thing
Shadowboxer,Shadowboxer,Fiona Apple,,,,1996,,No,,,Book1.csv,"""Shadowboxer"" - Fiona Apple (1996)"
Shake It Up,Shake It Up,The Cars,,,,,,No,,,Book1.csv,Shake It Up
Shame,Shame,Stabbing Westward,,,,,,No,,,Book1.csv,"Stabbing Westward - ""Shame"""
Shape of My Heart,Shape of My Heart,Sting,,,,1993,,No,,,Book1.csv,"""Shape of My Heart"" - Sting (1993)"
Sharp Dressed Man,Sharp Dressed Man,ZZ Top,,,,,,No,,,Book1.csv,ZZ Top - Sharp Dressed Man
Shattered Dreams,Shattered Dreams,Johnny Hates Jazz,,,,1987,,No,,,Book1.csv,"""Shattered Dreams"" - Johnny Hates Jazz (1987)"
She Sells Sanctuary,She Sells Sanctuary,The Cult,,,,,,No,,,Book1.csv,She Sells Sanctuary
Shoegaze leaning,Shoegaze leaning,The Cult,,,,,,No,,,Book1.csv,Shoegaze leaning
Shout,Shout,Tears For Fears,,,,,,No,,,Book1.csv,Shout
Shutdown,Shutdown,3Teeth,,,,,,No,,,Book1.csv,"3Teeth - ""Shutdown"""
Signal to Noise,Signal to Noise,Peter Gabriel,,,,,,No,,,Book1.csv,"Peter Gabriel - ""Signal to Noise"""
Silence,Silence,Delerium,,,,,,No,,,Book1.csv,"Delerium - ""Silence"" (feat. Sarah McLachlan)"
Silent Air,Silent Air,The Sound,,,,,,No,,,Book1.csv,The Sound - Silent Air
Silent All These Years,Silent All These Years,Tori Amos,,,,1992,,No,,,Book1.csv,"""Silent All These Years"" - Tori Amos (1992)"
Simply Irresistible,Simply Irresistible,Robert Palmer,,,,,,No,,,Book1.csv,Robert Palmer - Simply Irresistible
Simply Irresistible,Simply Irresistible,Simple Minds,,,,,,No,,,Book1.csv,Simply Irresistible
Sin,Sin,Nine Inch Nails,,,,,,No,,,Book1.csv,"""Sin"" - Nine Inch Nails"
Skid Row,Skid Row,Simple Minds,,,,,,No,,,Book1.csv,Skid Row
Slave to Love,Slave to Love,Bryan Ferry,,,,,,No,,,Book1.csv,"""Slave to Love"""
Sledgehammer,Sledgehammer,Peter Gabriel,,,,,,No,,,Book1.csv,Peter Gabriel - Sledgehammer
Sledgehammer,Sledgehammer,Sledgehammer by Peter Gabriel (Morgan James cover),,,,,,Yes,,Sledgehammer by Peter Gabriel (Morgan James cover),Book1.csv,Sledgehammer
Sleeping Satellite,Sleeping Satellite,Tasmin Archer,,,,1992,,No,,,Book1.csv,"""Sleeping Satellite"" - Tasmin Archer (1992)"
Slither,Slither,Velvet Revolver,,,,,,No,,,Book1.csv,Velvet Revolver - Slither
Slow Hands,Slow Hands,Interpol,,,,,,No,,,Book1.csv,Interpol - Slow Hands
Smack My Bitch Up,Smack My Bitch Up,The Prodigy,,,,,,No,,,Book1.csv,Smack My Bitch Up - The Prodigy
Small venue,Small venue,The Prodigy,,,,,,No,,,Book1.csv,Small venue
Smells Like Teen Spirit,Smells Like Teen Spirit,Nirvana,,,,,,No,,,Book1.csv,Nirvana - Smells Like Teen Spirit
Smells Like Teen Spirit,Smells Like Teen Spirit,Scala & Kolacny Brothers,,,,,,No,,,Book1.csv,"Scala & Kolacny Brothers - ""Smells Like Teen Spirit"""
Smells Like Teen Spirit,Smells Like Teen Spirit,Violet Orlandi,,,,,,No,,,Book1.csv,Smells Like Teen Spirit
Smokin,Smokin,Boston,,,,,,No,,,Book1.csv,Boston - Smokin'
Smooth Operator,Smooth Operator,Sade,,,,1984,,No,,,Book1.csv,"""Smooth Operator"" - Sade (1984)"
Smother,Smother,Daughter,,,,,,No,,,Book1.csv,"Daughter - ""Smother"""
Smothered Hope,Smothered Hope,Skinny Puppy,,,,,,No,,,Book1.csv,"Skinny Puppy - ""Smothered Hope"""
So Cruel,So Cruel,Sneaker Pimps,,,,,,No,,,Book1.csv,So Cruel
Sold Me Down the River,Sold Me Down the River,The Alarm,,,,,,No,,,Book1.csv,The Alarm - Strength / Sold Me Down the River / Rain in the Summertime / Blaze of Glory / The Stand / 68 Guns
Some Kind of Wonderful,Some Kind of Wonderful,Grand Funk Railroad,,,,,,No,,,Book1.csv,Grand Funk Railroad - Some Kind of Wonderful
Somebody,Somebody,Bryan Adams,,,,,,No,,,Book1.csv,Bryan Adams - Somebody
Somebody,Somebody,The Cat and Owl,,,,,,No,,,Book1.csv,Somebody
Somebody to Love,Somebody to Love,George Michael (1992 live),,,,1992,,No,,,Book1.csv,"""Somebody to Love"" - George Michael (1992 live)"
Somebody Told Me,Somebody Told Me,The Killers,,,,,,No,,,Book1.csv,Somebody Told Me
Somebody's Crying,Somebody's Crying,The Killers,,,,,,No,,,Book1.csv,Somebody's Crying
Someone Somewhere in Summertime,Someone Somewhere in Summertime,Simple Minds,,,,,,No,,,Book1.csv,"Simple Minds - ""Someone Somewhere in Summertime"""
Someone Somewhere in Summertime,Someone Somewhere in Summertime,The Killers,,,,,,No,,,Book1.csv,Someone Somewhere in Summertime
Something About You,Something About You,Level 42,,,,1985,,No,,,Book1.csv,"""Something About You"" - Level 42 (1985)"
Somewhat Damaged,Somewhat Damaged,Nine Inch Nails,,,,,,No,,,Book1.csv,"Nine Inch Nails - ""Somewhat Damaged"""
Soul in Isolation,Soul in Isolation,Evi Vine,,,,,,No,,,Book1.csv,"Evi Vine - ""Soul in Isolation"" (The Chameleons)"
Sour Times,Sour Times,Portishead,,,,1994,,No,,,Book1.csv,"""Sour Times"" - Portishead (1994)"
Souvlaki Space Station,Souvlaki Space Station,Slowdive,,,,,,No,,,Book1.csv,Slowdive - Souvlaki Space Station
Sowing the Seeds of Love,Sowing the Seeds of Love,Tears for Fears,,,,1989,,No,,,Book1.csv,"""Sowing the Seeds of Love"" - Tears for Fears (1989)"
Space Song,Space Song,Beach House,,,,,,No,,,Book1.csv,Beach House - Space Song
Special,Special,Garbage,,,,,,No,,,Book1.csv,Garbage - Special
Speed King,Speed King,Deep Purple,,,,,,No,,,Book1.csv,Deep Purple - Speed King
Spirit of Radio,Spirit of Radio,Rush,,,,,,No,,,Book1.csv,Rush - Spirit of Radio
Spirit of Radio,Spirit of Radio,Garbage,,,,,,No,,,Book1.csv,Spirit of Radio
St. Teresa,St. Teresa,Joan Osborne,,,,1995,,No,,,Book1.csv,"""St. Teresa"" - Joan Osborne (1995)"
Stadium Love,Stadium Love,Metric,,,,,,No,,,Book1.csv,Metric - Stadium Love
Stadium Love,Stadium Love,Stabbing Westward,,,,,,No,,,Book1.csv,Stadium Love
Start Me Up,Start Me Up,Stabbing Westward,,,,,,No,,,Book1.csv,Start Me Up
Start Me Up,Start Me Up,The Rolling Stones,,,,,,No,,,Book1.csv,The Rolling Stones - Start Me Up
Stay,Stay,Lisa Loeb,,,,1994,,No,,,Book1.csv,"""Stay"" - Lisa Loeb (1994) (not previously listed in female only batch)"
Stay,Stay,Shakespears Sister,,,,1992,,No,,,Book1.csv,"""Stay"" - Shakespears Sister (1992)"
Stay (I Missed You),Stay (I Missed You),Lisa Loeb,,,,1994,,No,,,Book1.csv,"""Stay (I Missed You)"" - Lisa Loeb (1994)"
Steppin' Out,Steppin' Out,Joe Jackson,,,,,,No,,,Book1.csv,"Joe Jackson - ""Steppin' Out"""
Still,Still,Daughter,,,,,,No,,,Book1.csv,Daughter - Still
Stitches,Stitches,Orgy,,,,,,No,,,Book1.csv,"Orgy - ""Stitches"""
Stonefist,Stonefist,Health,,,,,,No,,,Book1.csv,"Health - ""Stonefist"""
Strangelove,Strangelove,Depeche Mode,,,,1987,,No,,,Book1.csv,"""Strangelove"" - Depeche Mode (1987)"
Strangelove,Strangelove,Bat for Lashes,,,,,,No,,,Book1.csv,"Bat for Lashes - ""Strangelove"" (Depeche Mode)"
Street Spirit (Fade Out),Street Spirit (Fade Out),Radiohead,,,,1995,,No,,,Book1.csv,"""Street Spirit (Fade Out)"" - Radiohead (1995)"
Strength,Strength,The Alarm,,,,,,No,,,Book1.csv,The Alarm - Strength / Sold Me Down the River / Rain in the Summertime / Blaze of Glory / The Stand / 68 Guns
Strict Machine,Strict Machine,Goldfrapp,,,,,,No,,,Book1.csv,"Goldfrapp - ""Strict Machine"""
String driven,String driven,Depeche Mode,,,,,,No,,,Book1.csv,String driven
Strong,Strong,London Grammar,,,,,,No,,,Book1.csv,"London Grammar - ""Strong"""
Stupid Girl,Stupid Girl,Garbage,,,,,,No,,,Book1.csv,Garbage - Stupid Girl
Suicide Blonde,Suicide Blonde,INXS,,,,,,No,,,Book1.csv,INXS - Suicide Blonde
Sullen Girl,Sullen Girl,Fiona Apple,,,,1996,,No,,,Book1.csv,"""Sullen Girl"" - Fiona Apple (1996)"
Summer of '69,Summer of '69,Bryan Adams,,,,,,No,,,Book1.csv,Bryan Adams - Summer of '69
Summer of '69,Summer of '69,INXS,,,,,,No,,,Book1.csv,Summer of '69
Sunglasses at Night,Sunglasses at Night,Corey Hart,,,,,,No,,,Book1.csv,Corey Hart - Sunglasses at Night
Sunglasses at Night,Sunglasses at Night,The Megas feat. Sparked a War,,,,,,No,,,Book1.csv,Sunglasses at Night
Sunny Came Home,Sunny Came Home,Shawn Colvin,,,,1997,,No,,,Book1.csv,"""Sunny Came Home"" - Shawn Colvin (1997)"
Superbeast,Superbeast,Rob Zombie,,,,,,No,,,Book1.csv,"Rob Zombie - ""Superbeast"""
Surrender,Surrender,Cheap Trick,,,,,,No,,,Book1.csv,Cheap Trick - Surrender
Sussudio,Sussudio,Phil Collins,,,,,,No,,,Book1.csv,Phil Collins - Sussudio
Swamp Thing,Swamp Thing,The Chameleons,,,,,,No,,,Book1.csv,"""Swamp Thing"" - The Chameleons"
Swamp Thing,Swamp Thing,Chameleons UK,,,,,,No,,,Book1.csv,"Chameleons UK - ""Swamp Thing"""
Swamp Thing,Swamp Thing,Julia Marcell,,,,,,No,,,Book1.csv,"Julia Marcell - ""Swamp Thing"" (live)"
Swamp Thing,Swamp Thing,The Chameleons UK Gothic & Darkwave,,,,,,No,,,Book1.csv,Swamp Thing
Swamp Thing (guitars rising,Swamp Thing (guitars rising,The Chameleons UK Gothic & Darkwave,,,,,,No,,,Book1.csv,Swamp Thing (guitars rising
Sweet Dreams (Are Made of This),Sweet Dreams (Are Made of This),Eurythmics,,,,1983,,No,,,Book1.csv,"""Sweet Dreams (Are Made of This)"" - Eurythmics (1983)"
Sweet Emotion,Sweet Emotion,Aerosmith,,,,,,No,,,Book1.csv,Aerosmith - Sweet Emotion
Sweet Emotion,Sweet Emotion,The Chameleons UK Gothic & Darkwave,,,,,,No,,,Book1.csv,Sweet Emotion
Sweetest Taboo,Sweetest Taboo,Sade,,,,1985,,No,,,Book1.csv,"""Sweetest Taboo"" - Sade (1985)"
Sweetness and Light,Sweetness and Light,Lush,,,,,,No,,,Book1.csv,"Lush - ""Sweetness and Light"""
Switchback,Switchback,Celldweller,,,,,,No,,,Book1.csv,"Celldweller - ""Switchback"""
Swords and Knives,Swords and Knives,Tears for Fears,,,,,,No,,,Book1.csv,Tears for Fears - Swords and Knives
Synchronicity II,Synchronicity II,The Police,,,,,,No,,,Book1.csv,Synchronicity II
Synth noir,Synth noir,The Police,,,,,,No,,,Book1.csv,Synth noir
Take It Off,Take It Off,t.A.T.u.,,,,,,No,,,Book1.csv,Take It Off
Take It Off,Take It Off,The Donnas,,,,,,No,,,Book1.csv,The Donnas - Take It Off
Take Me Down,Take Me Down,t.A.T.u.,,,,,,No,,,Book1.csv,Take Me Down
Take Me Down,Take Me Down,The Pretty Reckless,,,,,,No,,,Book1.csv,The Pretty Reckless - Take Me Down
Take Me Out,Take Me Out,Franz Ferdinand,,,,,,No,,,Book1.csv,Franz Ferdinand - Take Me Out
Take Me Out,Take Me Out,Young Summer feat. Looking for Alaska (Music from the Original Series),,,,,,No,,,Book1.csv,Take Me Out
Take Me Out (angular,Take Me Out (angular,Franz Ferdinand,,,,,,No,,,Book1.csv,Franz Ferdinand - Take Me Out (angular
Take On Me,Take On Me,a ha,,,,1985,,No,,,Book1.csv,"""Take On Me"" - a ha (1985)"
Talk Dirty to Me,Talk Dirty to Me,Poison,,,,,,No,,,Book1.csv,Poison - Talk Dirty to Me
Talk Dirty to Me,Talk Dirty to Me,Young Summer feat. Looking for Alaska (Music from the Original Series),,,,,,No,,,Book1.csv,Talk Dirty to Me
Talk Like That,Talk Like That,The Presets,,,,,,No,,,Book1.csv,The Presets - Talk Like That
Talking in Your Sleep,Talking in Your Sleep,Rogue Wave feat. Cover Me,,,,,,Yes,,Rogue Wave feat. Cover Me,Book1.csv,Talking in Your Sleep
Talking in Your Sleep,Talking in Your Sleep,The Romantics,,,,,,No,,,Book1.csv,The Romantics - Talking in Your Sleep
Teardrop,Teardrop,Massive Attack,,,,1998,,No,,,Book1.csv,"""Teardrop"" - Massive Attack (1998)"
Tears Dry on Their Own,Tears Dry on Their Own,Amy Winehouse,,,,2006,,No,,,Book1.csv,"""Tears Dry on Their Own"" - Amy Winehouse (2006) (technically 2000s"
Teclo,Teclo,PJ Harvey,,,,1995,,No,,,Book1.csv,"""Teclo"" - PJ Harvey (1995)"
Temple of Love,Temple of Love,The Sisters of Mercy,,,,,,No,,,Book1.csv,"The Sisters of Mercy - ""Temple of Love"""
Temptation Waits,Temptation Waits,Garbage,,,,,,No,,,Book1.csv,Garbage - Temptation Waits
Testify,Testify,Rage Against the Machine,,,,,,No,,,Book1.csv,Rage Against the Machine - Testify
Thank U,Thank U,Alanis Morissette,,,,1998,,No,,,Book1.csv,"""Thank U"" - Alanis Morissette (1998)"
,,,,,,,,,,,,
,,,,,,,,,,,,
,,,,,,,,,,,,
,,,,,,,,,,,,
The Beautiful People,The Beautiful People,Marilyn Manson,,,,,,No,,,Book1.csv,"Marilyn Manson - ""The Beautiful People"""
The Blue Nile,The Blue Nile,The Black Keys,,,,,,No,,,Book1.csv,The Blue Nile
The Boys Are Back in Town,The Boys Are Back in Town,Thin Lizzy,,,,,,No,,,Book1.csv,The Boys Are Back in Town
The Boys of Summer,The Boys of Summer,The Ataris,,,,,,No,,,Book1.csv,The Boys of Summer
The Captain of Her Heart,The Captain of Her Heart,The Call,,,,,,No,,,Book1.csv,The Captain of Her Heart
The Chauffeur,The Chauffeur,Duran Duran,,,,1982,,No,,,Book1.csv,"""The Chauffeur"" - Duran Duran (1982)"
The Colour of Spring,The Colour of Spring,The Church,,,,,,No,,,Book1.csv,The Colour of Spring
The Dead Heart,The Dead Heart,Midnight Oil,,,,,,No,,,Book1.csv,Midnight Oil - The Dead Heart
The Downtown Lights,The Downtown Lights,Duran Duran,,,,,,No,,,Book1.csv,"""The Downtown Lights"""
The Downtown Lights,The Downtown Lights,The Blue Nile,,,,1989,,No,,,Book1.csv,"""The Downtown Lights"" - The Blue Nile (1989)"
The Downtown Lights,The Downtown Lights,The Doors,,,,,,No,,,Book1.csv,The Downtown Lights
The Dream Academy,The Dream Academy,The Doors,,,,,,No,,,Book1.csv,The Dream Academy
The Drowning Man,The Drowning Man,The Cure,,,,1981,,No,,,Book1.csv,"""The Drowning Man"" - The Cure (1981)"
The Edge of Forever,The Edge of Forever,The Doors,,,,,,No,,,Book1.csv,The Edge of Forever
The Eternal,The Eternal,Joy Division,,,,,,No,,,Book1.csv,"Joy Division - ""The Eternal"""
The Fall,The Fall,Rhye,,,,,,No,,,Book1.csv,Rhye - The Fall
The Figurehead,The Figurehead,The Cure,,,,,,No,,,Book1.csv,The Cure - The Figurehead
The Freshmen,The Freshmen,The Verve Pipe,,,,1996,,No,,,Book1.csv,"""The Freshmen"" - The Verve Pipe (1996)"
The Go-Go's,The Go-Go's,The Glitch Mob,,,,,,No,,,Book1.csv,The Go-Go's
The Golden Age,The Golden Age,Beck,,,,1999,,No,,,Book1.csv,"""The Golden Age"" - Beck (1999)"
The Hand That Feeds,The Hand That Feeds,Nine Inch Nails,,,,,,No,,,Book1.csv,"Nine Inch Nails - ""The Hand That Feeds"""
The Hives,The Hives,The Go-Go's,,,,,,No,,,Book1.csv,The Hives
The Host of Seraphim,The Host of Seraphim,Dead Can Dance,,,,1988,,No,,,Book1.csv,"""The Host of Seraphim"" - Dead Can Dance (1988)"
The Kids Aren't Alright,The Kids Aren't Alright,The Offspring,,,,,,No,,,Book1.csv,The Offspring - The Kids Aren't Alright
The Killing Moon,The Killing Moon,Echo & The Bunnymen,,,,1984,,No,,,Book1.csv,"""The Killing Moon"" - Echo & The Bunnymen (1984)"
The Killing Moon,The Killing Moon,Chloë Foy,,,,,,No,,,Book1.csv,"Chloë Foy - ""The Killing Moon"""
The Killing Moon,The Killing Moon,Luna (with Britta Phillips),,,,,,No,,,Book1.csv,"Luna (with Britta Phillips) - ""The Killing Moon"" Dreamy"
The Killing Moon,The Killing Moon,Nouvelle Vague,,,,,,No,,,Book1.csv,"Nouvelle Vague - ""The Killing Moon"""
The Killing Moon,The Killing Moon,Echo And The Bunnymen,,,,,,No,,,Book1.csv,The Killing Moon
The Knack,The Knack,The KLF,,,,,,No,,,Book1.csv,The Knack
The Night,The Night,Morphine,,,,1995,,No,,,Book1.csv,"""The Night"" - Morphine (1995)"
The One I Love,The One I Love,R.E.M.,,,,1987,,No,,,Book1.csv,"""The One I Love"" - R.E.M. (1987)"
The Perfect Drug,The Perfect Drug,Nine Inch Nails,,,,,,No,,,Book1.csv,"Nine Inch Nails - ""The Perfect Drug"""
The Pretender,The Pretender,Foo Fighters,,,,,,No,,,Book1.csv,Foo Fighters - The Pretender
The Pretty Reckless,The Pretty Reckless,The Pretenders,,,,,,No,,,Book1.csv,The Pretty Reckless
The Promise,The Promise,When in Rome,,,,1987,,No,,,Book1.csv,"""The Promise"" - When in Rome (1987)"
The Red,The Red,Chevelle,,,,,,No,,,Book1.csv,Chevelle - The Red
The Reflex,The Reflex,Duran Duran,,,,,,No,,,Book1.csv,Duran Duran - The Reflex
The Reflex,The Reflex,Duran Duran,,,,,,No,,,Book1.csv,Duran Duran - The Reflex
The Remedy,The Remedy,Puscifer (feat. Carina Round),,,,,,No,,,Book1.csv,"Puscifer (feat. Carina Round) - ""The Remedy"""
The Ship Song,The Ship Song,Nick Cave,,,,1990,,No,,,Book1.csv,"""The Ship Song"" - Nick Cave (1990)"
The Sound,The Sound,The Smiths,,,,,,No,,,Book1.csv,The Sound
The Space in Between,The Space in Between,How to Destroy Angels,,,,,,No,,,Book1.csv,"How to Destroy Angels - ""The Space in Between"""
The Stand,The Stand,The Alarm,,,,,,No,,,Book1.csv,The Alarm - Strength / Sold Me Down the River / Rain in the Summertime / Blaze of Glory / The Stand / 68 Guns
The Struts,The Struts,The Strokes,,,,,,No,,,Book1.csv,The Struts
The Style Council,The Style Council,The Struts,,,,,,No,,,Book1.csv,The Style Council
The Tower That Ate People,The Tower That Ate People,Peter Gabriel,,,,,,No,,,Book1.csv,"Peter Gabriel - ""The Tower That Ate People"""
The Ubiquitous Mr. Lovegrove,The Ubiquitous Mr. Lovegrove,Dead Can Dance,,,,,,No,,,Book1.csv,"Dead Can Dance - ""The Ubiquitous Mr. Lovegrove"""
The Underdog,The Underdog,Spoon,,,,,,No,,,Book1.csv,Spoon - The Underdog
,,,,,,,,,,,,
,,,,,,,,,,,,
The Unforgiven,The Unforgiven,Metallica,,,,1991,,No,,,Book1.csv,"""The Unforgiven"" - Metallica (1991)"
The Vapors,The Vapors,Spoon,,,,,,No,,,Book1.csv,The Vapors
The Whole of the Moon,The Whole of the Moon,The Waterboys,,,,,,No,,,Book1.csv,The Waterboys - The Whole of the Moon
The Wild Boys,The Wild Boys,Duran Duran,,,,,,No,,,Book1.csv,Duran Duran - The Wild Boys
The Wind,The Wind,PJ Harvey,,,,1993,,No,,,Book1.csv,"""The Wind"" - PJ Harvey (1993)"
The Wretched,The Wretched,Nine Inch Nails,,,,,,No,,,Book1.csv,"Nine Inch Nails - ""The Wretched"""
This Charming Man,This Charming Man,The Smiths,,,,,,No,,,Book1.csv,The Smiths - This Charming Man
This Woman's Work,This Woman's Work,Kate Bush,,,,1988,,No,,,Book1.csv,"""This Woman's Work"" - Kate Bush (1988)"
Tick Tick Boom,Tick Tick Boom,The Hives,,,,,,No,,,Book1.csv,The Hives - Tick Tick Boom
Tick Tick Boom,Tick Tick Boom,Thomas Dolby,,,,,,No,,,Book1.csv,Tick Tick Boom
Ticking in My Head,Ticking in My Head,The Offspring,,,,,,No,,,Book1.csv,The Offspring - Ticking in My Head
Time After Time,Time After Time,Cyndi Lauper,,,,1983,,No,,,Book1.csv,"""Time After Time"" - Cyndi Lauper (1983)"
Today,Today,Smashing Pumpkins,,,,,,No,,,Book1.csv,Smashing Pumpkins - Today
Today,Today,"Yellowcard feat. Punk Goes 90's, Vol. 2",,,,,,No,,,Book1.csv,Today
Tom Sawyer,Tom Sawyer,Rush,,,,,,No,,,Book1.csv,Rush - Tom Sawyer
Tom Sawyer,Tom Sawyer,Tom Petty,,,,,,No,,,Book1.csv,Tom Sawyer
Tony the Beat,Tony the Beat,The Sounds,,,,,,No,,,Book1.csv,The Sounds - Tony the Beat
Tony the Beat,Tony the Beat,Tommy Tutone,,,,,,No,,,Book1.csv,Tony the Beat
Torn,Torn,Natalie Imbruglia,,,,1997,,No,,,Book1.csv,"""Torn"" - Natalie Imbruglia (1997)"
Tourniquet,Tourniquet,Marilyn Manson,,,,,,No,,,Book1.csv,"Marilyn Manson - ""Tourniquet"""
Tower of Strength,Tower of Strength,The Mission,,,,,,No,,,Book1.csv,"The Mission - ""Tower of Strength"""
Toy Soldiers,Toy Soldiers,Martika,,,,1988,,No,,,Book1.csv,"""Toy Soldiers"" - Martika (1988)"
Train,Train,Goldfrapp,,,,,,No,,,Book1.csv,"Goldfrapp - ""Train"""
Trampled Under Foot,Trampled Under Foot,Led Zeppelin,,,,,,No,,,Book1.csv,"Led Zeppelin - ""Trampled Under Foot"""
Trampled Under Foot,Trampled Under Foot,Tommy Tutone,,,,,,No,,,Book1.csv,Trampled Under Foot
Trippin' on a Hole in a Paper Heart,Trippin' on a Hole in a Paper Heart,Stone Temple Pilots,,,,,,No,,,Book1.csv,"Stone Temple Pilots - ""Trippin' on a Hole in a Paper Heart"""
True Colors,True Colors,Cyndi Lauper,,,,1986,,No,,,Book1.csv,"""True Colors"" - Cyndi Lauper (1986)"
Turbo Killer,Turbo Killer,Carpenter Brut,,,,,,No,,,Book1.csv,"Carpenter Brut - ""Turbo Killer"""
Turning Japanese,Turning Japanese,The Vapors,,,,,,No,,,Book1.csv,The Vapors - Turning Japanese
Turning Japanese,Turning Japanese,Missing Persons,,,,,,No,,,Book1.csv,Turning Japanese
Twilight Zone,Twilight Zone,Golden Earring,,,,,,No,,,Book1.csv,"Golden Earring - ""Twilight Zone"""
Twilight Zone,Twilight Zone,Laura Glyda,,,Cover,,,Yes,,Laura Glyda,Book1.csv,"Laura Glyda - ""Twilight Zone"" (acoustic cover)"
Twilight Zone,Twilight Zone,Lullaby Versions,,,,,,No,,,Book1.csv,"Lullaby Versions - ""Twilight Zone"""
Twilight Zone,Twilight Zone,The Young Professionals (TYP),,,,,,No,,,Book1.csv,"The Young Professionals (TYP) - ""Twilight Zone"""
,,,,,,,,,,,,
Two Hearts Beat as One,Two Hearts Beat as One,Golden Earring,,,,,,No,,,Book1.csv,Two Hearts Beat as One
Two Weeks,Two Weeks,FKA Twigs,,,,,,No,,,Book1.csv,"FKA Twigs - ""Two Weeks"""
Unchain the Night,Unchain the Night,Dokken,,,,,,No,,,Book1.csv,Dokken - Unchain the Night
Unchain the Night,Unchain the Night,Ultravox,,,,,,No,,,Book1.csv,Unchain the Night
Under the Bridge,Under the Bridge,Red Hot Chili Peppers,,,,1991,,No,,,Book1.csv,"""Under the Bridge"" - Red Hot Chili Peppers (1991)"
Under the Bridge,Under the Bridge,RHCP,,,,1991,,No,,,Book1.csv,"""Under the Bridge"" - RHCP (1991)"
Under the Milky Way,Under the Milky Way,The Church,,,,1988,,No,,,Book1.csv,"""Under the Milky Way"" - The Church (1988)"
Under the Milky Way,Under the Milky Way,The Temper Trap feat. Under The Milky Way,,,,,,No,,,Book1.csv,Under the Milky Way
Underdog,Underdog,Kasabian,,,,,,No,,,Book1.csv,Kasabian - Underdog
Undertow,Undertow,Warpaint,,,,,,No,,,Book1.csv,"Warpaint - ""Undertow"""
Unfinished Sympathy,Unfinished Sympathy,Massive Attack,,,,1991,,No,,,Book1.csv,"""Unfinished Sympathy"" - Massive Attack (1991)"
Uninvited,Uninvited,Alanis Morissette,,,,1998,,No,,,Book1.csv,"""Uninvited"" - Alanis Morissette (1998)"
Union of the Snake,Union of the Snake,Duran Duran,,,,,,No,,,Book1.csv,Duran Duran - Union of the Snake
Union of the Snake,Union of the Snake,Underworld,,,,,,No,,,Book1.csv,Union of the Snake
Untitled,Untitled,The Cure,,,,1989,,No,,,Book1.csv,"""Untitled"" - The Cure (1989)"
Up the Down Escalator,Up the Down Escalator,The Chameleons,,,,,,No,,,Book1.csv,"The Chameleons - ""Up the Down Escalator"""
Valerie,Valerie,Steve Winwood,,,,1987,,No,,,Book1.csv,"""Valerie"" - Steve Winwood (1987)"
Vasoline,Vasoline,Stone Temple Pilots,,,,,,No,,,Book1.csv,Stone Temple Pilots - Vasoline
Venger,Venger,Perturbator,,,,,,No,,,Book1.csv,"Perturbator - ""Venger"""
Victim,Victim,Health,,,,,,No,,,Book1.csv,"Health - ""Victim"""
Vienna,Vienna,Ultravox,,,,,,No,,,Book1.csv,"Ultravox - ""Vienna"""
Violent Mood Swings,Violent Mood Swings,Stabbing Westward,,,,,,No,,,Book1.csv,"Stabbing Westward - ""Violent Mood Swings"""
Vision of Love,Vision of Love,Mariah Carey,,,,1990,,No,,,Book1.csv,"""Vision of Love"" - Mariah Carey (1990)"
Voices Carry,Voices Carry,Til Tuesday,,,,,,No,,,Book1.csv,Til Tuesday - Voices Carry
Voodoo People,Voodoo People,The Prodigy,,,,,,No,,,Book1.csv,The Prodigy - Voodoo People
Vow,Vow,Garbage,,,,,,No,,,Book1.csv,"Garbage - ""Vow"""
Waiting Game,Waiting Game,Banks,,,,,,No,,,Book1.csv,"Banks - ""Waiting Game"""
Walk Like an Egyptian,Walk Like an Egyptian,The Bangles,,,,,,No,,,Book1.csv,The Bangles - Walk Like an Egyptian
Walk of Life,Walk of Life,Dire Straits,,,,,,No,,,Book1.csv,Dire Straits - Walk of Life
Walk This Way,Walk This Way,Aerosmith,,,,,,No,,,Book1.csv,Aerosmith - Walk This Way
Walk This Way,Walk This Way,The Bangles,,,,,,No,,,Book1.csv,Walk This Way
Walking in L.A.,Walking in L.A.,Missing Persons,,,,,,No,,,Book1.csv,Missing Persons - Walking in L.A.
Walking in L.A.,Walking in L.A.,The Bangles,,,,,,No,,,Book1.csv,Walking in L.A.
Walking in Memphis,Walking in Memphis,Marc Cohn,,,,1991,,No,,,Book1.csv,"""Walking in Memphis"" - Marc Cohn (1991)"
Waltz #2 (XO),Waltz #2 (XO),Elliott Smith,,,,1998,,No,,,Book1.csv,"""Waltz #2 (XO)"" - Elliott Smith (1998)"
Want another 40?,Want another 40?,The Bangles,,,,,,No,,,Book1.csv,Want another 40?
Warm blooded,Warm blooded,The Bangles,,,,,,No,,,Book1.csv,Warm blooded
Warrior Concerto,Warrior Concerto,The Glitch Mob,,,,,,No,,,Book1.csv,The Glitch Mob - Warrior Concerto
Washing of the Water,Washing of the Water,Warpaint,,,,,,No,,,Book1.csv,Washing of the Water
Wasteland,Wasteland,The Mission,,,,,,No,,,Book1.csv,"The Mission - ""Wasteland"""
Waterfront,Waterfront,Simple Minds,,,,,,No,,,Book1.csv,Simple Minds - Waterfront
We Got the Beat,We Got the Beat,The Go-Go's,,,,,,No,,,Book1.csv,The Go-Go's - We Got the Beat
We Got the Beat,We Got the Beat,The Mission,,,,,,No,,,Book1.csv,We Got the Beat
We Sink,We Sink,CHVRCHES,,,,,,No,,,Book1.csv,CHVRCHES - We Sink
Wealth,Wealth,Talk Talk,,,,,,No,,,Book1.csv,"Talk Talk - ""Wealth"""
Weird Fishes / Arpeggi,Weird Fishes / Arpeggi,Radiohead,,,,,,No,,,Book1.csv,"Radiohead - ""Weird Fishes / Arpeggi"""
Welcome to the Fold,Welcome to the Fold,Filter,,,,,,No,,,Book1.csv,"Filter - ""Welcome to the Fold"""
What I Like About You,What I Like About You,The Romantics,,,,,,No,,,Book1.csv,The Romantics - What I Like About You
What I Like About You,What I Like About You,The Mission,,,,,,No,,,Book1.csv,What I Like About You
What Time Is Love?,What Time Is Love?,The KLF,,,,,,No,,,Book1.csv,The KLF - What Time Is Love?
When Love Breaks Down,When Love Breaks Down,Prefab Sprout,,,,,,No,,,Book1.csv,Prefab Sprout - When Love Breaks Down
When Love Breaks Down,When Love Breaks Down,The KLF,,,,,,No,,,Book1.csv,When Love Breaks Down
When the Sun Hits,When the Sun Hits,Slowdive,,,,,,No,,,Book1.csv,"Slowdive - ""When the Sun Hits"""
Whisper fragile,Whisper fragile,The KLF,,,,,,No,,,Book1.csv,Whisper fragile
Whisper intimate,Whisper intimate,The KLF,,,,,,No,,,Book1.csv,Whisper intimate
Who Can It Be Now?,Who Can It Be Now?,Men At Work,,,,,,No,,,Book1.csv,Who Can It Be Now?
Why Me,Why Me,Planet P,,,,,,No,,,Book1.csv,"Planet P - ""Why Me"""
Wicked Game,Wicked Game,Chris Isaak,,,,1990,,No,,,Book1.csv,"""Wicked Game"" - Chris Isaak (1990)"
Wicked Game,Wicked Game,London Grammar,,,,,,No,,,Book1.csv,"London Grammar - ""Wicked Game"""
Wicked Garden,Wicked Garden,Stone Temple Pilots,,,,1992,,No,,,Book1.csv,"""Wicked Garden"" - Stone Temple Pilots (1992)"
Wild Boys,Wild Boys,Duran Duran,,,,,,No,,,Book1.csv,Wild Boys - Duran Duran
Wild Child,Wild Child,W.A.S.P.,,,,,,No,,,Book1.csv,W.A.S.P. - Wild Child
Wild Child,Wild Child,Duran Duran,,,,,,No,,,Book1.csv,Wild Child
Wild Flower,Wild Flower,The Cult,,,,,,No,,,Book1.csv,The Cult - Wild Flower
Wild Flower,Wild Flower,Duran Duran,,,,,,No,,,Book1.csv,Wild Flower
Wild Horses,Wild Horses,Hope Sandoval,,,,,,No,,,Book1.csv,"Hope Sandoval - ""Wild Horses"" (Rolling Stones)"
Winning,Winning,Hannah Lou Clark,,,,,,No,,,Book1.csv,"Hannah Lou Clark - ""Winning"" (The Sound)"
Winning,Winning,The Sound,,,,,,No,,,Book1.csv,"The Sound - ""Winning"""
Winter,Winter,Tori Amos,,,,1992,,No,,,Book1.csv,"""Winter"" - Tori Amos (1992)"
Wish,Wish,Nine Inch Nails,,,,,,No,,,Book1.csv,"Nine Inch Nails - ""Wish"""
Witchcraft,Witchcraft,Pendulum,,,,,,No,,,Book1.csv,Pendulum - Witchcraft
With or Without You,With or Without You,London Grammar,,,,,,No,,,Book1.csv,"London Grammar - ""With or Without You"" (live)"
With or Without You,With or Without You,Lykke Li,,,,,,No,,,Book1.csv,"Lykke Li - ""With or Without You"""
With or Without You,With or Without You,Scala & Kolacny Brothers,,,,,,No,,,Book1.csv,"Scala & Kolacny Brothers - ""With or Without You"""
Woman,Woman,Wolfmother,,,,,,No,,,Book1.csv,Wolfmother - Woman
Wonderwall,Wonderwall,Oasis,,,,1995,,No,,,Book1.csv,"""Wonderwall"" - Oasis (1995) (yes"
Won't Get Fooled Again,Won't Get Fooled Again,The Who,,,,,,No,,,Book1.csv,The Who - Won't Get Fooled Again
Yellow,Yellow,Coldplay,,,Cover,2000,,Yes,,Coldplay,Book1.csv,"""Yellow"" - Coldplay (2000) (same reason - cover ecosystem)"
You Better You Bet,You Better You Bet,The Who,,,,,,No,,,Book1.csv,The Who - You Better You Bet
You Oughta Know,You Oughta Know,Alanis Morissette,,,,1995,,No,,,Book1.csv,"""You Oughta Know"" - Alanis Morissette (1995)"
You Spin Me Round (Like a Record),You Spin Me Round (Like a Record),Dead or Alive,,,,,,No,,,Book1.csv,Dead or Alive - You Spin Me Round (Like a Record)
Youth,Youth,Daughter,,,,,,No,,,Book1.csv,"Daughter - ""Youth"""
Youth Gone Wild,Youth Gone Wild,Skid Row,,,,,,No,,,Book1.csv,Skid Row - Youth Gone Wild
Youth Gone Wild,Youth Gone Wild,Youth Code,,,,,,No,,,Book1.csv,Youth Gone Wild
You've Got Another Thing Comin,You've Got Another Thing Comin,Judas Priest,,,,,,No,,,Book1.csv,Judas Priest - You've Got Another Thing Comin'
Yulunga,Yulunga,Dead Can Dance,,,,1993,,No,,,Book1.csv,"""Yulunga"" - Dead Can Dance (1993)"
Yulunga (Spirit Dance),Yulunga (Spirit Dance),Dead Can Dance,,,,1993,,No,,,Book1.csv,"""Yulunga (Spirit Dance)"" - Dead Can Dance (1993)"
Zero Hour,Zero Hour,The Plimsouls,,,,,,No,,,Book1.csv,The Plimsouls - Zero Hour
Zero Hour,Zero Hour,Youth Code,,,,,,No,,,Book1.csv,Zero Hour
Zombie,Zombie,The Cranberries,,,,1994,,No,,,Book1.csv,"""Zombie"" - The Cranberries (1994)"
TRUE,TRUE,Spandau Ballet,,,,1983,,No,,,Book1.csv,"""True"" - Spandau Ballet (1983)"
